"Table with row headers in column A, L, W, AH, AS, BD, BO, BZ, CK, CV, and DG, and column headers in rows 6 through 8 and 45 through 47.",,,,,,,,,,,,,,,,,,,,,,,,,,,,,,,,,,,,,,,,,,,,,,,,,,,,,,,,,,,,,,,,,,,,,,,,,,,,,,,,,,,,,,,,,,,,,,,,,,,,,,,,,,,,,,,,,,,,,,,,,,,,,,,,,,,
Table 1. State-to-State Migration Flows1: 2022,,,,,,,,,,,Table 1. State-to-State Migration Flows1: 2022,,,,,,,,,,,Table 1. State-to-State Migration Flows1: 2022,,,,,,,,,,,Table 1. State-to-State Migration Flows1: 2022,,,,,,,,,,,Table 1. State-to-State Migration Flows1: 2022,,,,,,,,,,,Table 1. State-to-State Migration Flows1: 2022,,,,,,,,,,,Table 1. State-to-State Migration Flows1: 2022,,,,,,,,,,,Table 1. State-to-State Migration Flows1: 2022,,,,,,,,,,,Table 1. State-to-State Migration Flows1: 2022,,,,,,,,,,,Table 1. State-to-State Migration Flows1: 2022,,,,,,,,,,,Table 1. State-to-State Migration Flows1: 2022,,,,,,,,,,,Table 1. State-to-State Migration Flows1: 2022,,,,,,,,,,
Dataset: 2022 American Community Survey 1-Year Estimates,,,,,,,,,,,Dataset: 2022 American Community Survey 1-Year Estimates,,,,,,,,,,,Dataset: 2022 American Community Survey 1-Year Estimates,,,,,,,,,,,Dataset: 2022 American Community Survey 1-Year Estimates,,,,,,,,,,,Dataset: 2022 American Community Survey 1-Year Estimates,,,,,,,,,,,Dataset: 2022 American Community Survey 1-Year Estimates,,,,,,,,,,,Dataset: 2022 American Community Survey 1-Year Estimates,,,,,,,,,,,Dataset: 2022 American Community Survey 1-Year Estimates,,,,,,,,,,,Dataset: 2022 American Community Survey 1-Year Estimates,,,,,,,,,,,Dataset: 2022 American Community Survey 1-Year Estimates,,,,,,,,,,,Dataset: 2022 American Community Survey 1-Year Estimates,,,,,,,,,,,Dataset: 2022 American Community Survey 1-Year Estimates,,,,,,,,,,
Universe: Population 1 year and over,,,,,,,,,,,Universe: Population 1 year and over,,,,,,,,,,,Universe: Population 1 year and over,,,,,,,,,,,Universe: Population 1 year and over,,,,,,,,,,,Universe: Population 1 year and over,,,,,,,,,,,Universe: Population 1 year and over,,,,,,,,,,,Universe: Population 1 year and over,,,,,,,,,,,Universe: Population 1 year and over,,,,,,,,,,,Universe: Population 1 year and over,,,,,,,,,,,Universe: Population 1 year and over,,,,,,,,,,,Universe: Population 1 year and over,,,,,,,,,,,Universe: Population 1 year and over,,,,,,,,,,
,,,,,,,,,,,,,,,,,,,,,,,,,,,,,,,,,,,,,,,,,,,,,,,,,,,,,,,,,,,,,,,,,,,,,,,,,,,,,,,,,,,,,,,,,,,,,,,,,,,,,,,,,,,,,,,,,,,,,,,,,,,,,,,,,,,
Current residence,Population 1 year and over,,Same house 1 year ago,,Same state of residence 1 year ago,,Different state of residence 1 year ago,,,,Current residence,Different state of residence 1 year ago (continued),,,,,,,,,,Current residence,Different state of residence 1 year ago (continued),,,,,,,,,,Current residence,Different state of residence 1 year ago (continued),,,,,,,,,,Current residence,Different state of residence 1 year ago (continued),,,,,,,,,,Current residence,Different state of residence 1 year ago (continued),,,,,,,,,,Current residence,Different state of residence 1 year ago (continued),,,,,,,,,,Current residence,Different state of residence 1 year ago (continued),,,,,,,,,,Current residence,Different state of residence 1 year ago (continued),,,,,,,,,,Current residence,Different state of residence 1 year ago (continued),,,,,,,,,,Current residence,Different state of residence 1 year ago (continued),,,,,,,,,,Current residence,Abroad 1 year ago,,,,,,,,,
,,,,,,,Total,,Alabama,,,Alaska,,Arizona,,Arkansas,,California,,Colorado,,,Connecticut,,Delaware,,District of Columbia ,,Florida,,Georgia,,,Hawaii,,Idaho,,Illinois,,Indiana,,Iowa,,,Kansas,,Kentucky,,Louisiana,,Maine,,Maryland,,,Massachusetts,,Michigan,,Minnesota,,Mississippi,,Missouri,,,Montana,,Nebraska,,Nevada,,New Hampshire,,New Jersey,,,New Mexico,,New York,,North Carolina,,North Dakota,,Ohio,,,Oklahoma,,Oregon,,Pennsylvania,,Rhode Island,,South Carolina,,,South Dakota,,Tennessee,,Texas,,Utah,,Vermont,,,Virginia,,Washington,,West Virginia,,Wisconsin,,Wyoming,,,Total,,Puerto Rico,,U.S. Island Area,,Foreign Country,,,
,Estimate,MOE,Estimate,MOE,Estimate,MOE,Estimate,MOE,Estimate,MOE,,Estimate,MOE,Estimate,MOE,Estimate,MOE,Estimate,MOE,Estimate,MOE,,Estimate,MOE,Estimate,MOE,Estimate,MOE,Estimate,MOE,Estimate,MOE,,Estimate,MOE,Estimate,MOE,Estimate,MOE,Estimate,MOE,Estimate,MOE,,Estimate,MOE,Estimate,MOE,Estimate,MOE,Estimate,MOE,Estimate,MOE,,Estimate,MOE,Estimate,MOE,Estimate,MOE,Estimate,MOE,Estimate,MOE,,Estimate,MOE,Estimate,MOE,Estimate,MOE,Estimate,MOE,Estimate,MOE,,Estimate,MOE,Estimate,MOE,Estimate,MOE,Estimate,MOE,Estimate,MOE,,Estimate,MOE,Estimate,MOE,Estimate,MOE,Estimate,MOE,Estimate,MOE,,Estimate,MOE,Estimate,MOE,Estimate,MOE,Estimate,MOE,Estimate,MOE,,Estimate,MOE,Estimate,MOE,Estimate,MOE,Estimate,MOE,Estimate,MOE,,Estimate,MOE,Estimate,MOE,Estimate,MOE,Estimate,MOE,,
,,,,,,,,,,,,,,,,,,,,,,,,,,,,,,,,,,,,,,,,,,,,,,,,,,,,,,,,,,,,,,,,,,,,,,,,,,,,,,,,,,,,,,,,,,,,,,,,,,,,,,,,,,,,,,,,,,,,,,,,,,,,,,,,,,,
United States2,"329,820,603","+/- 31,045","288,415,913","+/- 187,620","31,031,895","+/- 173,674","8,230,953","+/- 67,325","102,894","+/- 10,640",United States2,"32,755","+/- 5,463","204,734","+/- 13,929","74,408","+/- 8,399","817,669","+/- 27,227","239,200","+/- 12,017",United States2,"88,733","+/- 7,976","33,691","+/- 4,007","67,904","+/- 6,526","489,905","+/- 17,304","253,275","+/- 13,730",United States2,"67,257","+/- 7,362","70,542","+/- 6,911","344,027","+/- 16,745","137,624","+/- 10,002","70,359","+/- 5,651",United States2,"84,558","+/- 7,755","88,556","+/- 7,430","105,897","+/- 8,850","34,659","+/- 5,364","205,406","+/- 10,114",United States2,"214,644","+/- 11,312","167,885","+/- 10,834","130,807","+/- 8,330","59,596","+/- 6,858","156,845","+/- 10,078",United States2,"38,483","+/- 4,437","49,472","+/- 5,166","114,131","+/- 7,557","46,866","+/- 5,873","267,106","+/- 16,545",United States2,"58,443","+/- 6,682","545,598","+/- 21,535","259,422","+/- 12,967","28,359","+/- 4,924","196,766","+/- 11,068",United States2,"85,782","+/- 7,323","157,729","+/- 10,839","278,699","+/- 12,464","39,156","+/- 4,272","154,398","+/- 10,469",United States2,"28,803","+/- 5,531","182,669","+/- 14,343","494,077","+/- 18,915","109,290","+/- 10,182","23,170","+/- 3,470",United States2,"282,050","+/- 13,222","257,785","+/- 15,896","40,535","+/- 6,147","121,329","+/- 10,095","27,005","+/- 4,466",United States2,"2,141,842","+/- 43,237","42,990","+/- 6,039","19,460","+/- 3,718","2,079,392","+/- 42,837",,
,,,,,,,,,,,,,,,,,,,,,,,,,,,,,,,,,,,,,,,,,,,,,,,,,,,,,,,,,,,,,,,,,,,,,,,,,,,,,,,,,,,,,,,,,,,,,,,,,,,,,,,,,,,,,,,,,,,,,,,,,,,,,,,,,,,
Alabama,"5,022,366","+/- 4,086","4,397,470","+/- 21,660","471,530","+/- 19,721","139,263","+/- 10,142",N/A,N/A,Alabama,714,+/- 660,"1,202",+/- 684,"1,536","+/- 1,130","8,012","+/- 2,839","3,329","+/- 1,679",Alabama,868,+/- 803,694,+/- 419,85,+/- 156,"18,236","+/- 3,684","23,155","+/- 4,416",Alabama,"1,256","+/- 1,226",294,+/- 269,"4,328","+/- 1,969","1,693",+/- 974,363,+/- 389,Alabama,"1,403","+/- 1,228","2,892","+/- 1,442","5,461","+/- 1,679",141,+/- 145,"1,517","+/- 1,207",Alabama,599,+/- 521,"1,033",+/- 749,322,+/- 260,"5,736","+/- 1,546","1,421",+/- 794,Alabama,150,+/- 208,102,+/- 176,188,+/- 182,855,+/- 995,"1,207",+/- 933,Alabama,536,+/- 494,"3,827","+/- 1,381","3,320","+/- 1,462",712,+/- 736,"2,223","+/- 1,235",Alabama,785,+/- 508,752,+/- 785,"3,330","+/- 2,942",158,+/- 243,"6,298","+/- 2,409",Alabama,259,+/- 312,"11,634","+/- 2,997","10,102","+/- 2,188",577,+/- 479,194,+/- 330,Alabama,"3,654","+/- 2,040","1,639","+/- 1,055",268,+/- 270,203,+/- 213,0,+/- 208,Alabama,"14,103","+/- 2,560",311,+/- 509,611,+/- 585,"13,181","+/- 2,464",,
Alaska,"724,196","+/- 1,151","614,091","+/- 8,896","68,351","+/- 5,851","36,563","+/- 5,991",151,+/- 125,Alaska,N/A,N/A,"1,645","+/- 1,041",10,+/- 32,"3,855","+/- 1,312",665,+/- 693,Alaska,15,+/- 13,72,+/- 139,14,+/- 28,"1,575",+/- 775,834,"+/- 1,075",Alaska,532,+/- 676,309,+/- 340,130,+/- 153,296,+/- 469,108,+/- 115,Alaska,352,+/- 408,73,+/- 108,186,+/- 240,0,+/- 170,142,+/- 223,Alaska,285,+/- 322,40,+/- 66,356,+/- 260,70,+/- 100,367,+/- 270,Alaska,"1,160","+/- 1,069",0,+/- 170,256,+/- 168,62,+/- 24,40,+/- 65,Alaska,287,+/- 302,"2,430","+/- 2,280","3,305","+/- 2,233",120,+/- 158,125,+/- 140,Alaska,"1,993","+/- 1,304","1,409",+/- 757,160,+/- 202,0,+/- 170,393,+/- 377,Alaska,113,+/- 177,872,"+/- 1,229","3,135","+/- 1,464","4,215","+/- 3,992",0,+/- 170,Alaska,345,+/- 248,"3,076","+/- 1,168",0,+/- 170,943,+/- 675,42,+/- 71,Alaska,"5,191","+/- 1,914",129,+/- 190,265,+/- 439,"4,797","+/- 1,855",,
Arizona,"7,285,247","+/- 5,106","6,264,863","+/- 32,211","690,856","+/- 26,086","282,729","+/- 15,227",727,+/- 448,Arizona,"2,091","+/- 1,283",N/A,N/A,"1,147",+/- 676,"74,157","+/- 8,989","12,232","+/- 2,678",Arizona,339,+/- 462,970,+/- 627,152,+/- 183,"4,471","+/- 1,357","3,046","+/- 1,510",Arizona,"1,236",+/- 641,"2,628",+/- 815,"10,623","+/- 2,221","3,759","+/- 1,363","3,228","+/- 1,532",Arizona,"1,240",+/- 575,"2,143","+/- 1,152",734,+/- 598,647,+/- 669,"1,955","+/- 1,485",Arizona,"3,143","+/- 1,291","7,449","+/- 2,042","3,927","+/- 1,206",600,+/- 570,"7,362","+/- 3,815",Arizona,"4,455","+/- 2,319","1,972","+/- 1,409","8,890","+/- 2,573",314,+/- 327,"3,626","+/- 2,038",Arizona,"6,263","+/- 2,034","5,071","+/- 1,716","3,300","+/- 2,137","2,086","+/- 1,036","5,280","+/- 2,181",Arizona,"3,096","+/- 1,459","12,093","+/- 4,764","4,273","+/- 1,515",280,+/- 268,"2,398","+/- 1,160",Arizona,"2,850","+/- 1,231","4,357","+/- 2,321","17,404","+/- 3,654","10,597","+/- 3,445",182,+/- 164,Arizona,"3,791","+/- 1,598","21,242","+/- 3,291",471,+/- 377,"6,569","+/- 2,335","1,863",+/- 749,Arizona,"46,799","+/- 5,862",608,+/- 521,840,+/- 597,"45,351","+/- 5,674",,
Arkansas,"3,007,872","+/- 3,599","2,618,120","+/- 16,164","294,640","+/- 13,727","86,375","+/- 8,179","1,911","+/- 1,779",Arkansas,64,+/- 4,"1,776","+/- 1,012",N/A,N/A,"7,783","+/- 2,545","2,562","+/- 1,218",Arkansas,210,+/- 201,0,+/- 208,0,+/- 208,"7,065","+/- 3,094",497,+/- 531,Arkansas,74,+/- 124,"1,190",+/- 769,"2,383","+/- 1,242","1,330","+/- 1,089",460,+/- 460,Arkansas,"1,184",+/- 618,"2,581","+/- 2,256","4,994","+/- 2,270",74,+/- 125,"1,212","+/- 1,024",Arkansas,145,+/- 181,405,+/- 452,"1,171","+/- 1,480","3,380","+/- 1,763","3,905","+/- 1,215",Arkansas,238,+/- 278,270,+/- 292,630,+/- 841,62,+/- 105,113,+/- 142,Arkansas,"1,275",+/- 827,666,+/- 553,451,+/- 421,0,+/- 208,586,+/- 621,Arkansas,"5,995","+/- 1,983","1,809","+/- 1,045",267,+/- 263,35,+/- 61,400,+/- 391,Arkansas,0,+/- 208,"4,970","+/- 2,103","17,105","+/- 3,171",470,+/- 408,146,+/- 234,Arkansas,978,+/- 669,"2,703","+/- 1,561",43,+/- 27,481,+/- 430,326,+/- 331,Arkansas,"8,737","+/- 3,279",18,+/- 31,0,+/- 208,"8,719","+/- 3,282",,
California,"38,629,179","+/- 10,318","34,335,186","+/- 57,597","3,515,077","+/- 48,926","475,803","+/- 21,187","5,204","+/- 2,639",California,"2,040","+/- 1,066","27,412","+/- 4,964",963,+/- 534,N/A,N/A,"19,970","+/- 4,135",California,"4,977","+/- 1,837","1,818","+/- 1,082","4,443","+/- 1,606","28,557","+/- 4,864","11,002","+/- 2,349",California,"10,747","+/- 2,273","5,567","+/- 1,795","24,559","+/- 3,323","5,422","+/- 1,713","2,187",+/- 987,California,"3,387","+/- 1,504","3,471","+/- 1,284","3,954","+/- 1,497",939,+/- 719,"7,903","+/- 1,832",California,"15,540","+/- 3,052","11,714","+/- 2,295","5,143","+/- 1,501",880,+/- 783,"6,369","+/- 1,915",California,"2,432","+/- 1,170","3,047","+/- 1,895","22,183","+/- 3,016",624,+/- 449,"13,162","+/- 4,311",California,"2,585",+/- 975,"31,255","+/- 4,108","13,302","+/- 3,530",291,+/- 238,"10,031","+/- 2,970",California,"2,576",+/- 889,"23,792","+/- 4,504","13,544","+/- 3,108","1,755",+/- 863,"5,581","+/- 1,694",California,572,+/- 610,"5,498","+/- 1,771","42,279","+/- 6,524","13,149","+/- 3,017","1,206","+/- 1,193",California,"15,373","+/- 3,251","31,866","+/- 4,217",42,+/- 71,"4,407","+/- 1,414","1,083",+/- 667,California,"303,113","+/- 16,687","1,804","+/- 1,004","3,158","+/- 2,060","298,151","+/- 17,191",,
,,,,,,,,,,,,,,,,,,,,,,,,,,,,,,,,,,,,,,,,,,,,,,,,,,,,,,,,,,,,,,,,,,,,,,,,,,,,,,,,,,,,,,,,,,,,,,,,,,,,,,,,,,,,,,,,,,,,,,,,,,,,,,,,,,,
Colorado,"5,781,381","+/- 3,527","4,834,425","+/- 28,072","682,450","+/- 23,806","229,876","+/- 11,539",700,+/- 532,Colorado,"1,961","+/- 1,107","7,386","+/- 2,214","2,557","+/- 1,244","33,213","+/- 5,144",N/A,N/A,Colorado,653,+/- 536,64,+/- 106,"2,679","+/- 1,160","11,107","+/- 2,865","3,360","+/- 1,210",Colorado,"1,070",+/- 787,"4,345","+/- 2,265","9,281","+/- 2,330","2,455","+/- 1,084","2,212","+/- 1,238",Colorado,"3,363","+/- 1,042","1,413",+/- 994,"1,520",+/- 701,455,+/- 263,"3,033","+/- 1,446",Colorado,"3,976","+/- 1,326","3,711","+/- 1,448","4,690","+/- 2,058","2,175","+/- 1,646","6,137","+/- 1,811",Colorado,924,+/- 467,"3,759","+/- 1,696","2,134",+/- 874,975,+/- 451,"3,928","+/- 1,729",Colorado,"3,844","+/- 1,548","8,526","+/- 2,282","6,165","+/- 2,196",752,+/- 739,"4,941","+/- 1,780",Colorado,"4,516","+/- 2,002","5,785","+/- 1,782","4,557","+/- 1,668","1,023",+/- 830,"1,912","+/- 1,137",Colorado,"2,244",+/- 867,"5,702","+/- 4,019","25,466","+/- 4,643","4,877","+/- 1,720","1,316","+/- 1,094",Colorado,"6,727","+/- 1,817","6,796","+/- 1,889",918,+/- 702,"4,080","+/- 1,417","4,493","+/- 2,138",Colorado,"34,630","+/- 4,951",467,+/- 307,673,+/- 622,"33,490","+/- 4,978",,
Connecticut,"3,588,965","+/- 3,572","3,172,833","+/- 17,815","245,100","+/- 14,054","145,315","+/- 10,526","1,005","+/- 1,141",Connecticut,97,+/- 159,"1,267",+/- 909,625,+/- 703,"7,097","+/- 2,014","1,992",+/- 568,Connecticut,N/A,N/A,51,+/- 62,"1,607","+/- 1,105","7,476","+/- 1,884","3,478","+/- 1,496",Connecticut,189,+/- 159,507,+/- 484,"3,290","+/- 1,379",674,+/- 505,167,+/- 209,Connecticut,0,+/- 224,563,+/- 655,75,+/- 6,"1,137",+/- 573,"2,460",+/- 916,Connecticut,"21,256","+/- 2,974","3,100","+/- 1,201",894,+/- 463,304,+/- 403,"1,012",+/- 725,Connecticut,40,+/- 87,78,+/- 129,"1,073",+/- 648,708,+/- 501,"8,087","+/- 1,977",Connecticut,60,+/- 81,"50,670","+/- 7,824","3,897","+/- 2,091",0,+/- 224,595,+/- 528,Connecticut,"1,730",+/- 685,160,+/- 217,"2,298","+/- 1,584","3,977","+/- 1,525",701,+/- 581,Connecticut,0,+/- 224,507,+/- 356,"2,920","+/- 1,201",347,+/- 306,"1,414",+/- 910,Connecticut,"3,481","+/- 1,241","1,670","+/- 1,013",0,+/- 224,579,+/- 486,0,+/- 224,Connecticut,"25,717","+/- 4,828",714,+/- 566,0,+/- 224,"25,003","+/- 4,609",,
Delaware,"1,008,173","+/- 1,919","899,454","+/- 8,649","57,963","+/- 6,154","46,162","+/- 5,074",203,+/- 253,Delaware,0,+/- 203,949,+/- 742,0,+/- 203,660,+/- 417,123,+/- 162,Delaware,198,+/- 278,N/A,N/A,202,+/- 256,"1,339",+/- 813,293,+/- 226,Delaware,82,+/- 115,0,+/- 203,"1,256",+/- 904,153,+/- 181,0,+/- 203,Delaware,77,+/- ,58,+/- 94,0,+/- 203,352,+/- 368,"9,709","+/- 2,870",Delaware,384,+/- 282,462,+/- 472,18,+/- 33,0,+/- 203,768,+/- 979,Delaware,0,+/- 203,0,+/- 203,437,+/- 447,0,+/- 203,"5,312","+/- 1,769",Delaware,159,+/- 196,"4,603","+/- 2,616","2,250","+/- 1,678",0,+/- 203,182,+/- 219,Delaware,0,+/- 203,0,+/- 203,"11,392","+/- 2,757",0,+/- 203,"1,254",+/- 890,Delaware,178,+/- 301,241,+/- 280,692,+/- 633,0,+/- 203,0,+/- 203,Delaware,"1,990",+/- 590,171,+/- 178,0,+/- 203,15,+/- 34,0,+/- 203,Delaware,"4,594","+/- 1,688",150,+/- 195,0,+/- 203,"4,444","+/- 1,715",,
District of Columbia ,"660,942","+/- 2,008","515,345","+/- 9,328","68,363","+/- 8,248","64,506","+/- 5,229",419,+/- 363,District of Columbia ,0,+/- 238,712,+/- 485,21,+/- 2,"4,539","+/- 1,469","1,187",+/- 699,District of Columbia ,"1,401",+/- 541,352,+/- 239,N/A,N/A,"2,932",+/- 854,"2,289",+/- 917,District of Columbia ,41,+/- 87,230,+/- 220,"2,548",+/- 909,253,+/- 235,49,+/- 82,District of Columbia ,136,+/- 46,79,+/- 113,205,+/- 211,79,+/- 119,"13,093","+/- 3,495",District of Columbia ,"1,401",+/- 624,"1,337",+/- 638,817,+/- 491,23,+/- 57,440,+/- 386,District of Columbia ,0,+/- 238,55,+/- 93,97,+/- 133,304,+/- 279,"3,093",+/- 916,District of Columbia ,453,+/- 337,"5,647","+/- 1,377","1,519",+/- 518,0,+/- 238,"1,011",+/- 469,District of Columbia ,231,+/- 242,264,+/- 261,"2,493",+/- 818,679,+/- 529,773,+/- 343,District of Columbia ,137,+/- 228,614,+/- 403,"2,788",+/- 854,387,+/- 385,153,+/- 201,District of Columbia ,"7,496","+/- 1,974","1,216",+/- 581,96,+/- 63,417,+/- 384,0,+/- 238,District of Columbia ,"12,728","+/- 2,373",110,+/- 8,0,+/- 238,"12,618","+/- 2,374",,
Florida,"22,043,900","+/- 8,811","19,029,143","+/- 52,322","2,008,758","+/- 47,284","738,969","+/- 27,539","14,734","+/- 3,244",Florida,"1,418",+/- 955,"11,901","+/- 3,380","3,204","+/- 1,334","50,701","+/- 6,891","20,980","+/- 4,316",Florida,"13,620","+/- 4,170","3,118","+/- 1,647","2,830","+/- 1,394",N/A,N/A,"39,990","+/- 6,067",Florida,"2,858","+/- 1,501","3,374","+/- 2,524","35,262","+/- 5,103","11,790","+/- 2,577","2,163","+/- 1,015",Florida,"5,111","+/- 2,674","8,141","+/- 2,701","8,497","+/- 3,978","6,242","+/- 3,030","23,422","+/- 5,197",Florida,"20,320","+/- 4,527","23,781","+/- 3,867","9,192","+/- 2,659","3,937","+/- 1,823","10,919","+/- 3,327",Florida,"1,302","+/- 1,007","2,779","+/- 1,660","7,516","+/- 2,343","6,001","+/- 2,198","47,000","+/- 8,581",Florida,"3,551","+/- 2,420","91,201","+/- 10,729","24,601","+/- 4,215",347,+/- 376,"27,257","+/- 4,085",Florida,"2,965","+/- 1,648","5,221","+/- 3,496","35,384","+/- 5,144","3,816","+/- 1,183","14,825","+/- 3,257",Florida,"2,714","+/- 2,737","20,651","+/- 3,937","38,207","+/- 6,694","4,551","+/- 1,609","1,575","+/- 1,078",Florida,"32,932","+/- 5,858","11,804","+/- 2,986","4,817","+/- 3,264","10,167","+/- 2,483",280,+/- 261,Florida,"267,030","+/- 17,591","12,179","+/- 3,606","2,431","+/- 1,274","252,420","+/- 16,778",,
,,,,,,,,,,,,,,,,,,,,,,,,,,,,,,,,,,,,,,,,,,,,,,,,,,,,,,,,,,,,,,,,,,,,,,,,,,,,,,,,,,,,,,,,,,,,,,,,,,,,,,,,,,,,,,,,,,,,,,,,,,,,,,,,,,,
Georgia,"10,791,161","+/- 7,077","9,348,359","+/- 33,252","1,054,380","+/- 29,926","327,795","+/- 16,598","21,031","+/- 5,430",Georgia,210,+/- 215,"1,798",+/- 931,531,+/- 373,"25,960","+/- 4,784","5,419","+/- 1,728",Georgia,"2,526","+/- 1,989",585,+/- 537,"1,243",+/- 768,"51,380","+/- 6,013",N/A,N/A,Georgia,"2,642","+/- 1,113","1,051",+/- 842,"11,096","+/- 2,862","4,937","+/- 1,975",530,+/- 510,Georgia,"1,862","+/- 1,339","1,941",+/- 820,"4,426","+/- 1,940",272,+/- 372,"6,706","+/- 1,766",Georgia,"3,299","+/- 1,345","5,816","+/- 2,970","1,825","+/- 1,045","1,986","+/- 1,182","4,341","+/- 1,753",Georgia,966,+/- 847,712,+/- 477,"3,357","+/- 1,921",886,+/- 679,"8,295","+/- 2,706",Georgia,"1,029",+/- 697,"16,535","+/- 3,669","23,175","+/- 4,389",218,+/- 251,"5,221","+/- 1,739",Georgia,"2,077","+/- 1,021","1,594",+/- 910,"9,223","+/- 2,450",118,+/- 133,"18,328","+/- 3,497",Georgia,297,+/- 359,"18,785","+/- 4,548","23,754","+/- 4,681","2,753","+/- 1,867",0,+/- 228,Georgia,"14,204","+/- 4,179","8,761","+/- 3,889","1,635","+/- 1,587","2,177",+/- 908,282,+/- 381,Georgia,"60,627","+/- 6,351",454,+/- 256,803,+/- 426,"59,370","+/- 6,263",,
Hawaii,"1,425,611","+/- 1,842","1,251,057","+/- 10,923","106,642","+/- 8,443","56,209","+/- 6,444","1,611","+/- 1,645",Hawaii,773,+/- 676,"2,750","+/- 1,606",75,+/- 148,"10,562","+/- 2,423","2,750","+/- 1,056",Hawaii,597,+/- 701,246,+/- 244,74,+/- 95,"1,442",+/- 734,"2,823","+/- 1,260",Hawaii,N/A,N/A,120,+/- 150,"1,133",+/- 513,229,+/- 238,40,+/- 67,Hawaii,254,+/- 272,820,"+/- 1,165",782,+/- 431,270,+/- 242,"1,269",+/- 657,Hawaii,397,+/- 380,524,+/- 372,264,+/- 295,503,+/- 687,627,+/- 479,Hawaii,170,+/- 164,568,+/- 677,"1,460",+/- 864,110,+/- 119,383,+/- 330,Hawaii,429,+/- 612,982,+/- 515,"1,931","+/- 1,080",222,+/- 244,654,+/- 435,Hawaii,52,+/- 101,"1,734",+/- 862,903,+/- 527,0,+/- 187,"1,488","+/- 1,105",Hawaii,0,+/- 187,956,+/- 712,"5,966","+/- 2,785","1,141","+/- 1,104",38,+/- 62,Hawaii,"1,775",+/- 939,"4,090","+/- 1,122",0,+/- 187,222,+/- 221,0,+/- 187,Hawaii,"11,703","+/- 2,578",36,+/- 58,63,+/- 105,"11,604","+/- 2,595",,
Idaho,"1,919,357","+/- 1,777","1,633,120","+/- 11,362","189,164","+/- 11,119","87,949","+/- 7,501",0,+/- 195,Idaho,411,+/- 376,"3,633","+/- 1,532",299,+/- 370,"26,887","+/- 4,189","1,655",+/- 834,Idaho,322,+/- 398,0,+/- 195,0,+/- 195,"1,109",+/- 984,"1,548",+/- 543,Idaho,"1,046",+/- 635,N/A,N/A,314,+/- 239,6,+/- 13,218,+/- 261,Idaho,"1,482","+/- 1,203",0,+/- 195,120,+/- 157,44,+/- 86,"1,426","+/- 1,633",Idaho,577,+/- 535,523,+/- 390,"1,315","+/- 1,154",0,+/- 195,501,+/- 527,Idaho,"1,250",+/- 484,"1,066",+/- 849,"1,894","+/- 1,145",61,+/- 105,173,+/- 216,Idaho,376,+/- 413,880,+/- 563,815,+/- 606,429,+/- 520,224,+/- 180,Idaho,232,+/- 237,"8,410","+/- 3,183",267,+/- 225,0,+/- 195,"1,392",+/- 925,Idaho,126,+/- 155,191,+/- 249,"2,868","+/- 1,438","7,812","+/- 2,633",0,+/- 195,Idaho,415,+/- 300,"14,387","+/- 3,068",0,+/- 195,369,+/- 467,876,+/- 649,Idaho,"9,124","+/- 2,728",63,+/- 106,115,+/- 216,"8,946","+/- 2,713",,
Illinois,"12,455,441","+/- 5,747","11,002,931","+/- 32,911","1,150,055","+/- 30,073","228,308","+/- 13,363","2,389","+/- 1,105",Illinois,434,+/- 442,"5,377","+/- 1,502","1,468",+/- 892,"20,573","+/- 4,774","6,720","+/- 1,907",Illinois,474,+/- 262,218,+/- 355,"1,028",+/- 496,"14,078","+/- 2,537","7,424","+/- 2,600",Illinois,785,+/- 561,839,+/- 704,N/A,N/A,"13,792","+/- 2,402","8,532","+/- 2,015",Illinois,"2,072","+/- 1,081","4,087","+/- 2,206","1,823",+/- 959,304,+/- 319,"2,260","+/- 1,479",Illinois,"5,625","+/- 1,673","12,283","+/- 3,777","3,743","+/- 1,039",853,+/- 383,"15,923","+/- 3,217",Illinois,242,+/- 159,"1,580",+/- 777,"1,135",+/- 614,120,+/- 178,"3,576","+/- 1,254",Illinois,827,+/- 823,"12,072","+/- 5,040","5,384","+/- 1,825",630,+/- 622,"11,296","+/- 3,656",Illinois,"1,353",+/- 792,"1,706",+/- 625,"4,475","+/- 1,676",91,+/- 76,"1,706",+/- 980,Illinois,46,+/- 79,"7,420","+/- 2,444","19,949","+/- 4,891",349,+/- 359,98,+/- 163,Illinois,"3,866","+/- 1,282","3,965","+/- 1,432",105,+/- 135,"12,764","+/- 2,666",449,+/- 429,Illinois,"74,147","+/- 7,684",362,+/- 305,141,+/- 207,"73,644","+/- 7,673",,
Indiana,"6,757,160","+/- 4,612","5,886,762","+/- 28,260","691,986","+/- 25,311","149,331","+/- 11,366",792,+/- 538,Indiana,"1,118","+/- 1,093","4,953","+/- 2,181","2,888","+/- 2,856","7,769","+/- 2,309","3,586","+/- 1,827",Indiana,687,+/- 491,25,+/- 44,716,+/- 789,"7,474","+/- 1,894","2,326","+/- 1,157",Indiana,"1,133","+/- 1,301","1,994","+/- 1,644","31,015","+/- 4,879",N/A,N/A,"1,364",+/- 922,Indiana,823,+/- 459,"9,350","+/- 2,238","1,328","+/- 1,067",135,+/- 159,"1,739","+/- 1,066",Indiana,"1,308",+/- 915,"13,184","+/- 4,052","1,742","+/- 1,110",116,+/- 169,"1,907",+/- 650,Indiana,401,+/- 392,446,+/- 478,"2,049",+/- 802,554,+/- 417,"1,907","+/- 1,139",Indiana,825,+/- 574,"4,124","+/- 2,505","2,157",+/- 989,299,+/- 345,"10,634","+/- 2,141",Indiana,521,+/- 425,"1,461","+/- 1,388","2,209",+/- 811,"1,177","+/- 1,543","1,206",+/- 697,Indiana,0,+/- 207,"3,062","+/- 1,487","8,276","+/- 2,813","1,655",+/- 967,0,+/- 207,Indiana,"2,315","+/- 1,060","2,282","+/- 1,656",147,+/- 133,"2,010",+/- 746,142,+/- 163,Indiana,"29,081","+/- 4,589",366,+/- 446,82,+/- 109,"28,633","+/- 4,557",,
,,,,,,,,,,,,,,,,,,,,,,,,,,,,,,,,,,,,,,,,,,,,,,,,,,,,,,,,,,,,,,,,,,,,,,,,,,,,,,,,,,,,,,,,,,,,,,,,,,,,,,,,,,,,,,,,,,,,,,,,,,,,,,,,,,,
Iowa,"3,166,734","+/- 2,669","2,760,076","+/- 12,059","323,444","+/- 11,589","72,231","+/- 5,843",180,+/- 190,Iowa,118,+/- 144,"2,264",+/- 992,580,+/- 395,"2,349",+/- 645,"1,932",+/- 764,Iowa,4,+/- 7,0,+/- 170,178,+/- 293,"3,546","+/- 1,391",289,+/- 310,Iowa,"1,154","+/- 1,571",519,+/- 351,"16,504","+/- 3,047",402,+/- 299,N/A,N/A,Iowa,780,+/- 469,356,+/- 267,"1,095",+/- 691,69,+/- 64,653,+/- 452,Iowa,3,+/- 6,"1,932",+/- 872,"5,386","+/- 1,696",408,+/- 470,"3,657","+/- 1,027",Iowa,199,+/- 244,"6,777","+/- 1,581","1,033",+/- 427,49,+/- 80,795,+/- 545,Iowa,232,+/- 316,381,+/- 238,804,+/- 481,320,+/- 309,727,+/- 693,Iowa,915,+/- 612,181,+/- 171,923,+/- 580,121,+/- 203,610,+/- 444,Iowa,"2,376","+/- 1,214",355,+/- 305,"3,856","+/- 1,216","1,250","+/- 1,082",32,+/- 55,Iowa,291,+/- 206,786,+/- 500,0,+/- 170,"4,734","+/- 1,305",126,+/- 150,Iowa,"10,983","+/- 2,695",308,+/- 314,0,+/- 170,"10,675","+/- 2,634",,
Kansas,"2,906,619","+/- 2,657","2,480,630","+/- 13,894","320,201","+/- 13,110","94,208","+/- 6,737","1,371","+/- 1,165",Kansas,218,+/- 199,"1,519",+/- 743,"1,016",+/- 839,"5,520","+/- 2,495","7,359","+/- 1,943",Kansas,0,+/- 185,49,+/- 8,57,+/- 96,"4,694","+/- 2,536","3,284","+/- 1,428",Kansas,487,+/- 408,121,+/- 118,"2,766","+/- 1,035","2,828","+/- 1,971","2,134","+/- 1,005",Kansas,N/A,N/A,811,+/- 773,"1,730",+/- 997,0,+/- 185,192,+/- 237,Kansas,803,+/- 943,936,+/- 449,"1,606","+/- 1,261",0,+/- 185,"20,905","+/- 3,397",Kansas,47,+/- 83,"3,021",+/- 955,971,+/- 567,0,+/- 185,108,+/- 109,Kansas,477,+/- 299,"1,865","+/- 1,091",655,+/- 417,29,+/- 49,"1,834","+/- 1,222",Kansas,"6,466","+/- 1,731",617,+/- 507,373,+/- 350,0,+/- 185,18,+/- 28,Kansas,194,+/- 153,"2,019","+/- 1,156","7,767","+/- 1,800","1,366","+/- 1,180",79,+/- 90,Kansas,851,+/- 598,"3,475","+/- 1,907",0,+/- 185,290,+/- 229,"1,280",+/- 904,Kansas,"11,580","+/- 2,523",780,+/- 761,283,+/- 341,"10,517","+/- 2,396",,
Kentucky,"4,462,146","+/- 3,954","3,892,713","+/- 19,644","439,944","+/- 17,580","113,197","+/- 8,594","1,218",+/- 880,Kentucky,182,+/- 214,"2,618","+/- 1,066",343,+/- 357,"5,985","+/- 1,690","2,182","+/- 1,251",Kentucky,863,+/- 834,0,+/- 204,156,+/- 180,"8,062","+/- 1,975","4,941","+/- 1,473",Kentucky,462,+/- 579,787,"+/- 1,090","6,821","+/- 2,034","12,947","+/- 2,305",497,+/- 396,Kentucky,435,+/- 425,N/A,N/A,397,+/- 378,202,+/- 247,903,+/- 569,Kentucky,904,+/- 587,"2,458","+/- 1,086",192,+/- 216,478,+/- 357,"2,688","+/- 1,047",Kentucky,154,+/- 168,412,+/- 390,509,+/- 555,152,+/- 186,36,+/- 59,Kentucky,287,+/- 372,"2,200",+/- 995,"3,392","+/- 1,791",0,+/- 204,"12,646","+/- 2,811",Kentucky,211,+/- 370,801,+/- 908,"1,348",+/- 673,453,+/- 557,"3,322","+/- 1,918",Kentucky,0,+/- 204,"12,561","+/- 2,605","7,630","+/- 2,729","1,203","+/- 1,076",23,+/- 39,Kentucky,"2,314","+/- 1,022","3,235","+/- 1,310","2,679","+/- 1,512",831,+/- 770,77,+/- 102,Kentucky,"16,292","+/- 2,946",127,+/- 174,57,+/- 8,"16,108","+/- 2,937",,
Louisiana,"4,537,185","+/- 4,410","4,006,126","+/- 19,111","435,538","+/- 20,212","75,330","+/- 7,049","1,332",+/- 691,Louisiana,432,+/- 376,315,+/- 235,"2,429","+/- 1,022","4,847","+/- 2,190","3,329","+/- 2,077",Louisiana,698,+/- 633,0,+/- 220,343,+/- 368,"5,089","+/- 1,881","3,215","+/- 1,749",Louisiana,0,+/- 220,277,+/- 229,"1,223",+/- 727,266,+/- 264,108,+/- 78,Louisiana,159,+/- 138,685,+/- 613,N/A,N/A,83,+/- 138,912,+/- 578,Louisiana,211,+/- 223,"2,062","+/- 1,631",719,+/- 814,"3,858","+/- 1,220","1,633","+/- 1,038",Louisiana,0,+/- 220,238,+/- 455,764,"+/- 1,108",0,+/- 220,"2,288","+/- 3,592",Louisiana,191,+/- 192,"2,946","+/- 1,568","1,272",+/- 732,111,+/- 161,"3,427","+/- 2,337",Louisiana,"2,717","+/- 1,399",421,+/- 428,597,+/- 402,205,+/- 208,"1,814","+/- 1,413",Louisiana,0,+/- 220,"1,286",+/- 822,"17,663","+/- 2,883",903,+/- 983,29,+/- 94,Louisiana,"1,824","+/- 1,177","2,021","+/- 1,575",45,+/- 74,343,+/- 219,0,+/- 220,Louisiana,"20,191","+/- 3,307",119,+/- 134,0,+/- 220,"20,072","+/- 3,322",,
Maine,"1,372,172","+/- 1,657","1,230,229","+/- 8,250","95,823","+/- 6,223","41,618","+/- 4,329",274,+/- 390,Maine,11,+/- 20,138,+/- 123,27,+/- 46,"3,552","+/- 1,512","1,332","+/- 1,000",Maine,"1,243",+/- 680,0,+/- 179,220,+/- 207,"2,911","+/- 1,194",358,+/- 288,Maine,405,+/- 366,0,+/- 179,517,+/- 290,9,+/- 19,6,+/- 12,Maine,77,+/- 117,85,+/- 127,139,+/- 45,N/A,N/A,114,+/- 125,Maine,"8,663","+/- 2,043",311,+/- 345,410,+/- 301,90,+/- 151,420,+/- 275,Maine,475,+/- 345,285,+/- 211,324,+/- 283,"5,733","+/- 1,361",759,+/- 480,Maine,87,+/- 136,"2,885","+/- 1,007",675,+/- 484,0,+/- 179,403,+/- 381,Maine,0,+/- 179,0,+/- 179,"1,711",+/- 769,"1,134",+/- 599,295,+/- 381,Maine,159,+/- 280,520,+/- 486,861,+/- 467,0,+/- 179,985,+/- 802,Maine,"1,198","+/- 1,053","1,514",+/- 748,41,+/- 52,262,+/- 320,0,+/- 179,Maine,"4,502","+/- 1,508",0,+/- 179,0,+/- 179,"4,502","+/- 1,508",,
,,,,,,,,,,,,,,,,,,,,,,,,,,,,,,,,,,,,,,,,,,,,,,,,,,,,,,,,,,,,,,,,,,,,,,,,,,,,,,,,,,,,,,,,,,,,,,,,,,,,,,,,,,,,,,,,,,,,,,,,,,,,,,,,,,,
Maryland,"6,100,234","+/- 5,254","5,395,850","+/- 19,513","511,449","+/- 19,836","139,784","+/- 8,687","1,256",+/- 827,Maryland,364,+/- 414,"1,439",+/- 988,67,+/- 87,"7,198","+/- 2,226","1,148",+/- 590,Maryland,"1,147",+/- 628,"4,880","+/- 1,106","17,770","+/- 4,009","8,425","+/- 2,426","3,193","+/- 1,067",Maryland,"3,306","+/- 2,245",201,+/- 247,"3,134","+/- 1,532",713,+/- 481,81,+/- 138,Maryland,569,+/- 382,254,+/- 339,732,+/- 516,474,+/- 326,N/A,N/A,Maryland,"2,686","+/- 1,334","1,470",+/- 900,"1,483",+/- 755,"1,055","+/- 1,389",975,+/- 838,Maryland,74,+/- 100,37,+/- 64,"1,288",+/- 927,572,+/- 521,"6,151","+/- 1,607",Maryland,794,+/- 674,"9,453","+/- 2,286","4,152","+/- 1,891",328,+/- 417,"1,963",+/- 927,Maryland,235,+/- 329,372,+/- 324,"12,481","+/- 2,289","1,593","+/- 1,355","5,074","+/- 1,923",Maryland,51,+/- 80,"1,688","+/- 1,087","4,917","+/- 1,542",176,+/- 138,359,+/- 473,Maryland,"19,478","+/- 4,012","1,774",+/- 919,"1,812",+/- 684,350,+/- 273,592,+/- 710,Maryland,"53,151","+/- 7,989",893,+/- 930,74,+/- 137,"52,184","+/- 7,771",,
Massachusetts,"6,918,482","+/- 4,087","6,065,294","+/- 22,939","606,626","+/- 19,958","171,077","+/- 9,818","1,082",+/- 533,Massachusetts,154,+/- 156,"2,251","+/- 1,261",904,"+/- 1,106","18,543","+/- 3,424","2,186","+/- 1,531",Massachusetts,"9,503","+/- 2,210",319,+/- 241,"1,540",+/- 754,"11,098","+/- 2,361","2,024",+/- 965,Massachusetts,"1,440",+/- 988,345,+/- 274,"4,060","+/- 1,243","1,616",+/- 892,316,+/- 317,Massachusetts,44,+/- 72,499,+/- 611,"1,188",+/- 916,"4,545","+/- 2,070","3,404","+/- 1,042",Massachusetts,N/A,N/A,"2,683","+/- 1,162","1,426",+/- 657,327,+/- 279,"3,450","+/- 2,637",Massachusetts,351,+/- 398,222,+/- 217,467,+/- 304,"11,502","+/- 2,318","7,670","+/- 1,538",Massachusetts,330,+/- 351,"21,186","+/- 3,383","3,934","+/- 1,352",250,+/- 188,"4,031","+/- 1,351",Massachusetts,475,+/- 494,"1,632",+/- 730,"8,009","+/- 1,766","11,290","+/- 2,351","3,379","+/- 1,511",Massachusetts,0,+/- 222,"1,407",+/- 630,"7,517","+/- 1,927","1,491",+/- 868,"2,941","+/- 1,143",Massachusetts,"4,232","+/- 1,614","3,006","+/- 1,004",240,+/- 298,568,+/- 329,0,+/- 222,Massachusetts,"75,485","+/- 7,530","1,587",+/- 768,154,+/- 164,"73,744","+/- 7,498",,
Michigan,"9,936,710","+/- 5,396","8,786,959","+/- 25,314","949,469","+/- 20,510","157,955","+/- 10,391","1,846","+/- 1,422",Michigan,487,+/- 356,"3,772","+/- 1,276",640,+/- 464,"13,939","+/- 3,247","4,589","+/- 1,959",Michigan,"1,038",+/- 630,510,+/- 333,"1,685","+/- 1,054","17,557","+/- 3,123","3,404","+/- 1,426",Michigan,69,+/- 80,249,+/- 237,"10,942","+/- 1,892","9,723","+/- 2,225",784,+/- 603,Michigan,"3,274","+/- 1,917","2,067","+/- 1,001",781,+/- 463,555,+/- 601,"1,513",+/- 731,Michigan,"1,791","+/- 1,174",N/A,N/A,"3,070","+/- 1,418",946,+/- 895,"3,446","+/- 1,548",Michigan,745,+/- 439,263,+/- 246,"3,291","+/- 1,624",278,+/- 305,"3,290","+/- 2,111",Michigan,685,+/- 365,"6,161","+/- 2,070","5,852","+/- 2,753",0,+/- 184,"10,791","+/- 1,751",Michigan,241,+/- 285,"1,832",+/- 986,"3,165","+/- 1,340",232,+/- 253,"3,554","+/- 1,953",Michigan,230,+/- 192,"4,933","+/- 2,466","8,529","+/- 2,298","1,855",+/- 812,0,+/- 184,Michigan,"4,323","+/- 1,656","1,983","+/- 1,397",33,+/- 37,"5,786","+/- 1,708","1,226",+/- 964,Michigan,"42,327","+/- 5,223",513,+/- 364,744,+/- 770,"41,070","+/- 5,090",,
Minnesota,"5,654,602","+/- 3,147","4,940,488","+/- 19,839","571,566","+/- 16,933","117,016","+/- 6,849",732,+/- 581,Minnesota,269,+/- 274,"4,234","+/- 1,412",713,+/- 325,"6,908","+/- 2,253","3,620","+/- 1,285",Minnesota,676,+/- 712,312,+/- 317,466,+/- 301,"4,521","+/- 1,580",892,+/- 511,Minnesota,199,+/- 176,340,+/- 279,"7,131","+/- 1,573","3,276","+/- 1,580","4,403","+/- 1,240",Minnesota,"1,105",+/- 640,179,+/- 205,316,+/- 281,100,+/- 99,"2,514","+/- 1,730",Minnesota,"1,005",+/- 896,"1,923",+/- 561,N/A,N/A,921,+/- 696,"2,232","+/- 1,075",Minnesota,"1,459",+/- 595,"3,343","+/- 1,480","2,164","+/- 1,102",48,+/- 60,829,+/- 755,Minnesota,671,+/- 421,"3,196","+/- 1,350","2,300","+/- 1,138","10,946","+/- 3,100","1,567",+/- 840,Minnesota,210,+/- 189,"1,513",+/- 692,"3,524","+/- 2,734",172,+/- 164,641,+/- 402,Minnesota,"3,757","+/- 1,399",65,+/- 85,"6,506","+/- 2,265",563,+/- 318,0,+/- 157,Minnesota,"3,401","+/- 2,234","2,255","+/- 1,223",168,+/- 214,"18,702","+/- 2,213",29,+/- 49,Minnesota,"25,532","+/- 6,137",450,+/- 503,0,+/- 157,"25,082","+/- 6,107",,
Mississippi,"2,907,327","+/- 3,124","2,584,891","+/- 13,612","238,542","+/- 14,259","69,948","+/- 6,563","5,444","+/- 2,118",Mississippi,90,+/- 161,"1,848",+/- 807,"1,290",+/- 638,"1,638",+/- 797,"2,701","+/- 1,232",Mississippi,26,+/- 52,127,+/- 168,0,+/- 217,"6,611","+/- 2,180","3,094",+/- 920,Mississippi,559,+/- 691,557,+/- 425,847,+/- 570,872,+/- 600,132,+/- 168,Mississippi,567,+/- 744,857,+/- 653,"10,360","+/- 2,339",10,+/- 17,394,+/- 339,Mississippi,402,+/- 287,512,+/- 322,311,+/- 443,N/A,N/A,686,+/- 812,Mississippi,0,+/- 217,932,+/- 687,693,+/- 981,0,+/- 217,106,+/- 140,Mississippi,0,+/- 217,113,+/- 150,"1,715",+/- 896,0,+/- 217,131,+/- 127,Mississippi,272,+/- 246,280,+/- 293,335,+/- 447,63,+/- 113,"1,356",+/- 919,Mississippi,0,+/- 217,"11,406","+/- 3,021","8,312","+/- 3,674",63,+/- 94,47,+/- 84,Mississippi,"1,506","+/- 1,054","2,090",+/- 841,150,+/- 143,415,+/- 267,28,+/- 59,Mississippi,"13,946","+/- 3,560",140,+/- 210,737,+/- 230,"13,069","+/- 3,583",,
,,,,,,,,,,,,,,,,,,,,,,,,,,,,,,,,,,,,,,,,,,,,,,,,,,,,,,,,,,,,,,,,,,,,,,,,,,,,,,,,,,,,,,,,,,,,,,,,,,,,,,,,,,,,,,,,,,,,,,,,,,,,,,,,,,,
Missouri,"6,111,432","+/- 4,353","5,320,580","+/- 22,369","609,551","+/- 18,967","163,254","+/- 9,218",570,+/- 703,Missouri,414,+/- 544,"3,576","+/- 1,527","9,590","+/- 2,328","12,107","+/- 2,963","8,042","+/- 2,213",Missouri,203,+/- 227,0,+/- 195,303,+/- 379,"9,758","+/- 2,468","3,395","+/- 1,665",Missouri,729,+/- 753,599,+/- 359,"20,646","+/- 2,821","3,411","+/- 1,996","6,473","+/- 2,513",Missouri,"22,333","+/- 3,993",735,+/- 477,"1,359",+/- 704,380,+/- 537,864,+/- 548,Missouri,"1,239",+/- 739,"1,170",+/- 722,"3,292","+/- 1,237","1,733","+/- 1,469",N/A,N/A,Missouri,0,+/- 195,"2,713",+/- 989,"2,291","+/- 1,097",441,+/- 402,"2,037","+/- 1,140",Missouri,744,+/- 479,"2,742","+/- 1,232","1,162",+/- 644,150,+/- 182,"2,876","+/- 1,128",Missouri,"3,488","+/- 1,250","1,124",+/- 558,"2,726","+/- 1,554",225,+/- 269,"2,169","+/- 1,046",Missouri,457,+/- 321,"1,829",+/- 773,"9,168","+/- 2,215","2,206",+/- 905,237,+/- 413,Missouri,"3,701","+/- 1,476","4,333","+/- 1,732",511,+/- 659,"2,087","+/- 1,091",916,+/- 713,Missouri,"18,047","+/- 2,876",0,+/- 195,49,+/- 84,"17,998","+/- 2,877",,
Montana,"1,111,641","+/- 1,372","964,155","+/- 8,376","96,436","+/- 7,364","48,165","+/- 4,543",168,+/- 273,Montana,498,+/- 390,"2,415","+/- 1,119",32,+/- 43,"4,660","+/- 1,623","3,440","+/- 1,121",Montana,24,+/- 48,0,+/- 182,93,+/- 91,"1,993",+/- 963,563,+/- 424,Montana,612,+/- 538,"2,244",+/- 911,617,+/- 511,693,+/- 812,392,+/- 451,Montana,57,+/- 80,15,+/- 38,857,+/- 979,515,+/- 738,69,+/- 112,Montana,158,+/- 166,490,+/- 362,"1,234",+/- 714,229,+/- 270,"1,092",+/- 660,Montana,N/A,N/A,675,+/- 571,"1,281",+/- 710,0,+/- 182,62,+/- 95,Montana,582,+/- 412,441,+/- 351,"1,507","+/- 1,098","1,540",+/- 835,"1,095",+/- 853,Montana,938,+/- 650,"3,691","+/- 1,687",176,+/- 230,0,+/- 182,41,+/- 77,Montana,438,+/- 434,719,+/- 738,"1,357",+/- 648,"2,570","+/- 1,195",156,+/- 192,Montana,64,+/- 82,"5,225","+/- 1,311",0,+/- 182,"1,436",+/- 813,"1,011",+/- 617,Montana,"2,885","+/- 1,059",0,+/- 182,0,+/- 182,"2,885","+/- 1,059",,
,,,,,,,,,,,,,,,,,,,,,,,,,,,,,,,,,,,,,,,,,,,,,,,,,,,,,,,,,,,,,,,,,,,,,,,,,,,,,,,,,,,,,,,,,,,,,,,,,,,,,,,,,,,,,,,,,,,,,,,,,,,,,,,,,,,
Current residence,Population 1 year and over,,Same house 1 year ago,,Same state of residence 1 year ago,,Different state of residence 1 year ago,,,,Current residence,Different state of residence 1 year ago (continued),,,,,,,,,,Current residence,Different state of residence 1 year ago (continued),,,,,,,,,,Current residence,Different state of residence 1 year ago (continued),,,,,,,,,,Current residence,Different state of residence 1 year ago (continued),,,,,,,,,,Current residence,Different state of residence 1 year ago (continued),,,,,,,,,,Current residence,Different state of residence 1 year ago (continued),,,,,,,,,,Current residence,Different state of residence 1 year ago (continued),,,,,,,,,,Current residence,Different state of residence 1 year ago (continued),,,,,,,,,,Current residence,Different state of residence 1 year ago (continued),,,,,,,,,,Current residence,Different state of residence 1 year ago (continued),,,,,,,,,,Current residence,Abroad 1 year ago,,,,,,,,,
,,,,,,,Total,,Alabama,,,Alaska,,Arizona,,Arkansas,,California,,Colorado,,,Connecticut,,Delaware,,District of Columbia ,,Florida,,Georgia,,,Hawaii,,Idaho,,Illinois,,Indiana,,Iowa,,,Kansas,,Kentucky,,Louisiana,,Maine,,Maryland,,,Massachusetts,,Michigan,,Minnesota,,Mississippi,,Missouri,,,Montana,,Nebraska,,Nevada,,New Hampshire,,New Jersey,,,New Mexico,,New York,,North Carolina,,North Dakota,,Ohio,,,Oklahoma,,Oregon,,Pennsylvania,,Rhode Island,,South Carolina,,,South Dakota,,Tennessee,,Texas,,Utah,,Vermont,,,Virginia,,Washington,,West Virginia,,Wisconsin,,Wyoming,,,Total,,Puerto Rico,,U.S. Island Area,,Foreign Country,,,
,Estimate,MOE,Estimate,MOE,Estimate,MOE,Estimate,MOE,Estimate,MOE,,Estimate,MOE,Estimate,MOE,Estimate,MOE,Estimate,MOE,Estimate,MOE,,Estimate,MOE,Estimate,MOE,Estimate,MOE,Estimate,MOE,Estimate,MOE,,Estimate,MOE,Estimate,MOE,Estimate,MOE,Estimate,MOE,Estimate,MOE,,Estimate,MOE,Estimate,MOE,Estimate,MOE,Estimate,MOE,Estimate,MOE,,Estimate,MOE,Estimate,MOE,Estimate,MOE,Estimate,MOE,Estimate,MOE,,Estimate,MOE,Estimate,MOE,Estimate,MOE,Estimate,MOE,Estimate,MOE,,Estimate,MOE,Estimate,MOE,Estimate,MOE,Estimate,MOE,Estimate,MOE,,Estimate,MOE,Estimate,MOE,Estimate,MOE,Estimate,MOE,Estimate,MOE,,Estimate,MOE,Estimate,MOE,Estimate,MOE,Estimate,MOE,Estimate,MOE,,Estimate,MOE,Estimate,MOE,Estimate,MOE,Estimate,MOE,Estimate,MOE,,Estimate,MOE,Estimate,MOE,Estimate,MOE,Estimate,MOE,,
,,,,,,,,,,,,,,,,,,,,,,,,,,,,,,,,,,,,,,,,,,,,,,,,,,,,,,,,,,,,,,,,,,,,,,,,,,,,,,,,,,,,,,,,,,,,,,,,,,,,,,,,,,,,,,,,,,,,,,,,,,,,,,,,,,,
Nebraska,"1,943,359","+/- 2,393","1,698,838","+/- 11,753","184,950","+/- 10,062","49,159","+/- 6,233","1,418","+/- 1,278",Nebraska,12,+/- 21,"3,661","+/- 2,825",202,+/- 176,"1,535",+/- 585,"6,422","+/- 2,215",Nebraska,80,+/- 129,105,+/- 176,0,+/- 174,"1,203",+/- 707,447,+/- 312,Nebraska,174,+/- 167,531,+/- 427,"1,295",+/- 660,147,+/- 173,"5,960","+/- 1,536",Nebraska,"2,912",+/- 862,104,+/- 173,496,+/- 565,100,+/- 165,236,+/- 275,Nebraska,800,+/- 795,235,+/- 262,"1,180",+/- 661,274,+/- 211,"3,627","+/- 1,586",Nebraska,425,+/- 403,N/A,N/A,707,+/- 566,101,+/- 165,318,+/- 307,Nebraska,141,+/- 217,554,+/- 456,538,+/- 387,500,+/- 377,408,+/- 327,Nebraska,637,+/- 580,112,+/- 140,698,+/- 520,186,+/- 222,263,+/- 251,Nebraska,"1,686",+/- 808,22,+/- 20,"4,285","+/- 2,825",255,+/- 233,0,+/- 174,Nebraska,180,+/- 244,"1,630",+/- 920,466,+/- 762,258,+/- 262,"1,633","+/- 1,334",Nebraska,"10,412","+/- 2,527",12,+/- 26,109,+/- 202,"10,291","+/- 2,531",,
Nevada,"3,145,500","+/- 3,728","2,719,228","+/- 18,214","284,073","+/- 15,630","127,406","+/- 10,195","1,007",+/- 790,Nevada,"1,537","+/- 1,252","6,888","+/- 2,253",771,+/- 600,"48,836","+/- 6,427","4,522","+/- 1,558",Nevada,587,+/- 583,54,+/- 84,106,+/- 185,"2,360","+/- 1,332",842,+/- 542,Nevada,"3,380","+/- 1,602",780,+/- 387,"3,845","+/- 1,384","1,436","+/- 1,076","1,631",+/- 876,Nevada,234,+/- 277,275,+/- 246,"2,125","+/- 1,694",0,+/- 228,317,+/- 291,Nevada,748,+/- 705,"2,675","+/- 1,833","1,863","+/- 1,359",970,"+/- 1,024",777,+/- 900,Nevada,691,+/- 593,462,+/- 458,N/A,N/A,85,+/- 144,829,+/- 468,Nevada,591,+/- 419,"3,795","+/- 1,355","2,053","+/- 1,264",404,+/- 507,985,+/- 597,Nevada,288,+/- 408,"2,942","+/- 1,716","2,167","+/- 1,737",0,+/- 228,101,+/- 121,Nevada,0,+/- 228,"2,606","+/- 2,501","6,946","+/- 2,435","4,113","+/- 1,759",90,+/- 153,Nevada,"1,436",+/- 942,"6,212","+/- 1,942",201,+/- 332,"1,316",+/- 772,527,+/- 508,Nevada,"14,793","+/- 3,134",574,+/- 578,832,+/- 604,"13,387","+/- 2,912",,
New Hampshire,"1,384,607","+/- 1,697","1,243,278","+/- 8,205","86,815","+/- 6,227","49,782","+/- 5,281",0,+/- 198,New Hampshire,209,+/- 323,430,+/- 441,0,+/- 198,"2,974","+/- 1,563","1,025",+/- 685,New Hampshire,"2,087","+/- 1,101",0,+/- 198,257,+/- 354,"1,938",+/- 889,416,+/- 420,New Hampshire,251,+/- 351,0,+/- 198,412,+/- 392,249,+/- 356,130,+/- 169,New Hampshire,0,+/- 198,0,+/- 198,0,+/- 198,"2,743","+/- 1,305",726,+/- 488,New Hampshire,"23,605","+/- 4,447",0,+/- 198,275,+/- 226,0,+/- 198,49,+/- 81,New Hampshire,83,+/- 149,0,+/- 198,496,+/- 678,N/A,N/A,699,+/- 525,New Hampshire,0,+/- 198,"1,939","+/- 1,209","1,016",+/- 643,0,+/- 198,579,+/- 474,New Hampshire,98,+/- 169,39,+/- 69,"1,247","+/- 1,369","1,000",+/- 457,126,+/- 205,New Hampshire,106,+/- 123,244,+/- 242,"1,239",+/- 999,435,+/- 361,"2,073",+/- 986,New Hampshire,529,+/- 305,58,+/- 95,0,+/- 198,0,+/- 198,0,+/- 198,New Hampshire,"4,732","+/- 1,561",0,+/- 198,147,+/- 242,"4,585","+/- 1,551",,
New Jersey,"9,174,261","+/- 5,263","8,289,128","+/- 26,800","630,801","+/- 25,232","175,023","+/- 11,209",565,+/- 580,New Jersey,0,+/- 225,"1,077","+/- 1,039",221,+/- 272,"6,543","+/- 1,963","1,905","+/- 1,172",New Jersey,"1,417",+/- 716,"1,463",+/- 819,"1,625",+/- 971,"9,627","+/- 2,561",961,+/- 609,New Jersey,"1,215",+/- 901,0,+/- 225,"2,484","+/- 1,250","2,710","+/- 1,601",165,+/- 355,New Jersey,54,+/- 90,357,+/- 271,753,+/- 858,287,+/- 268,"3,249","+/- 1,075",New Jersey,"4,383","+/- 1,233",985,+/- 948,"1,400","+/- 1,181",0,+/- 225,299,+/- 261,New Jersey,0,+/- 225,0,+/- 225,965,+/- 831,157,+/- 144,N/A,N/A,New Jersey,228,+/- 252,"75,103","+/- 6,922","3,264","+/- 1,279",86,+/- 150,"1,991","+/- 1,108",New Jersey,922,"+/- 1,003",108,+/- 180,"31,309","+/- 5,501",883,+/- 784,"2,817","+/- 1,623",New Jersey,0,+/- 225,366,+/- 393,"5,690","+/- 1,911",223,+/- 227,310,+/- 266,New Jersey,"4,689","+/- 1,822","1,179",+/- 540,262,+/- 280,726,+/- 455,0,+/- 225,New Jersey,"79,309","+/- 8,561","1,975",+/- 602,0,+/- 225,"77,334","+/- 8,570",,
New Mexico,"2,092,565","+/- 2,813","1,846,474","+/- 13,371","164,418","+/- 11,839","72,095","+/- 6,846",316,+/- 465,New Mexico,301,+/- 261,"6,862","+/- 2,168",205,+/- 306,"8,897","+/- 2,050","7,846","+/- 2,213",New Mexico,391,+/- 463,61,+/- 100,269,+/- 245,"2,164",+/- 730,"1,162",+/- 973,New Mexico,219,+/- 205,866,+/- 771,"1,261",+/- 701,0,+/- 216,"1,343",+/- 938,New Mexico,423,+/- 458,671,+/- 912,304,+/- 348,107,+/- 129,457,+/- 635,New Mexico,364,+/- 478,364,+/- 297,373,+/- 316,144,+/- 158,"1,237",+/- 778,New Mexico,313,+/- 403,380,+/- 405,"1,621",+/- 763,210,+/- 221,844,"+/- 1,131",New Mexico,N/A,N/A,"2,467","+/- 1,326","1,114",+/- 853,0,+/- 216,"1,186",+/- 655,New Mexico,393,+/- 313,503,+/- 369,"1,114","+/- 1,002",126,+/- 189,67,+/- 112,New Mexico,770,"+/- 1,022",271,+/- 269,"16,986","+/- 3,909","1,959","+/- 1,533",0,+/- 216,New Mexico,"1,749","+/- 1,012","2,468","+/- 1,260",0,+/- 216,440,+/- 377,507,+/- 575,New Mexico,"9,578","+/- 2,721",0,+/- 216,149,+/- 221,"9,429","+/- 2,659",,
,,,,,,,,,,,,,,,,,,,,,,,,,,,,,,,,,,,,,,,,,,,,,,,,,,,,,,,,,,,,,,,,,,,,,,,,,,,,,,,,,,,,,,,,,,,,,,,,,,,,,,,,,,,,,,,,,,,,,,,,,,,,,,,,,,,
New York,"19,474,187","+/- 8,486","17,446,663","+/- 39,900","1,588,018","+/- 35,374","301,461","+/- 11,250",804,+/- 586,New York,387,+/- 294,"4,661","+/- 1,848",430,+/- 439,"34,681","+/- 4,813","5,720","+/- 1,222",New York,"14,981","+/- 2,991","2,179","+/- 1,587","5,861","+/- 2,013","21,300","+/- 3,244","8,889","+/- 2,207",New York,475,+/- 385,451,+/- 338,"8,679","+/- 2,284","2,426",+/- 785,"1,788","+/- 1,148",New York,"2,097","+/- 1,061","1,167",+/- 861,719,+/- 539,"2,949","+/- 1,064","7,787","+/- 1,814",New York,"20,673","+/- 2,893","3,851","+/- 1,343","1,922",+/- 818,769,+/- 593,"2,589","+/- 1,553",New York,"1,092",+/- 509,640,+/- 537,"2,215",+/- 952,"3,663","+/- 1,703","38,771","+/- 4,305",New York,455,+/- 237,N/A,N/A,"10,915","+/- 3,827",47,+/- 81,"3,714","+/- 1,015",New York,"3,095","+/- 1,273","3,883","+/- 1,538","28,184","+/- 4,455","1,993","+/- 1,078","3,432","+/- 1,191",New York,219,+/- 253,"2,164",+/- 959,"12,233","+/- 2,618","1,182",+/- 574,"4,092","+/- 1,516",New York,"11,990","+/- 3,021","4,683","+/- 1,227",231,+/- 225,"3,411","+/- 1,472",922,+/- 874,New York,"138,045","+/- 10,123","3,323","+/- 1,695",645,+/- 571,"134,077","+/- 10,026",,
North Carolina,"10,588,557","+/- 5,660","9,242,557","+/- 29,037","946,048","+/- 26,637","341,582","+/- 15,431","3,872","+/- 1,165",North Carolina,"1,900","+/- 1,109","5,619","+/- 2,215","2,057","+/- 1,057","22,891","+/- 4,850","7,298","+/- 2,261",North Carolina,"4,250","+/- 1,511","1,184",+/- 723,"1,399",+/- 598,"34,920","+/- 4,180","22,551","+/- 4,153",North Carolina,"3,685","+/- 1,927",734,+/- 798,"7,931","+/- 2,770","4,829","+/- 1,808","1,567",+/- 800,North Carolina,"2,392","+/- 1,152","2,152",+/- 827,"2,191","+/- 1,094","2,021",+/- 961,"12,924","+/- 2,487",North Carolina,"6,781","+/- 1,881","4,295","+/- 1,355","3,518","+/- 1,485",582,+/- 430,"4,786","+/- 2,227",North Carolina,231,+/- 274,641,+/- 592,"4,196","+/- 1,777","2,698","+/- 1,699","10,750","+/- 2,867",North Carolina,936,+/- 769,"25,024","+/- 5,224",N/A,N/A,116,+/- 140,"10,094","+/- 2,819",North Carolina,"1,736","+/- 1,010","2,019",+/- 916,"11,683","+/- 2,831","1,736","+/- 1,158","27,961","+/- 4,708",North Carolina,742,+/- 713,"9,049","+/- 3,109","16,332","+/- 3,233","2,942","+/- 1,522",550,+/- 587,North Carolina,"33,919","+/- 5,061","3,962","+/- 1,426","3,016","+/- 1,316","2,294","+/- 1,216",626,+/- 179,North Carolina,"58,370","+/- 6,985","1,153",+/- 770,91,+/- 151,"57,126","+/- 6,849",,
North Dakota,"770,498","+/- 1,506","648,407","+/- 8,044","82,522","+/- 6,950","34,536","+/- 4,608",78,+/- 130,North Dakota,453,+/- 414,535,+/- 513,34,+/- 56,"1,989","+/- 1,215",912,+/- 557,North Dakota,0,+/- 170,0,+/- 170,80,+/- 99,675,+/- 582,433,+/- 592,North Dakota,39,+/- 22,338,+/- 385,458,+/- 303,324,+/- 288,478,+/- 576,North Dakota,78,+/- 133,19,+/- 37,506,+/- 418,25,+/- 55,94,+/- 146,North Dakota,51,+/- 96,124,+/- 149,"13,047","+/- 2,261",5,+/- 11,144,+/- 192,North Dakota,"2,496",+/- 980,131,+/- 164,277,+/- 296,2,+/- 9,52,+/- 58,North Dakota,"1,281","+/- 1,379",526,+/- 355,23,+/- 46,N/A,N/A,0,+/- 170,North Dakota,507,+/- 516,638,+/- 807,128,+/- 156,0,+/- 170,0,+/- 170,North Dakota,"1,433",+/- 644,56,+/- 83,"1,745","+/- 1,065",349,+/- 376,0,+/- 170,North Dakota,113,+/- 228,"1,040",+/- 691,0,+/- 170,"2,376","+/- 2,435",444,+/- 486,North Dakota,"5,033","+/- 1,876",836,"+/- 1,121",0,+/- 170,"4,197","+/- 1,602",,
Ohio,"11,631,820","+/- 5,652","10,218,317","+/- 31,317","1,161,398","+/- 30,032","200,809","+/- 10,450","3,028","+/- 1,466",Ohio,168,+/- 196,"5,224","+/- 2,927","1,804",+/- 985,"11,924","+/- 2,651","4,849","+/- 1,751",Ohio,675,+/- 541,706,+/- 638,180,+/- 210,"16,831","+/- 4,455","4,155","+/- 1,341",Ohio,"1,187",+/- 806,514,+/- 450,"8,652","+/- 1,793","12,230","+/- 3,185","1,380",+/- 961,Ohio,960,+/- 801,"13,836","+/- 2,641","2,047","+/- 1,020",250,+/- 246,"3,284","+/- 1,341",Ohio,"3,523","+/- 1,393","12,753","+/- 2,634","1,972","+/- 1,113",181,+/- 188,"2,945","+/- 1,440",Ohio,238,+/- 174,274,+/- 239,"1,334",+/- 755,152,+/- 176,"6,277","+/- 2,549",Ohio,264,+/- 386,"8,431","+/- 2,526","5,592","+/- 1,755",478,+/- 613,N/A,N/A,Ohio,510,+/- 435,"1,922","+/- 1,379","11,399","+/- 2,680",381,+/- 411,"4,476","+/- 1,778",Ohio,205,+/- 250,"6,283","+/- 2,115","10,239","+/- 2,845","1,670","+/- 1,262",516,+/- 450,Ohio,"7,309","+/- 2,412","2,929","+/- 1,466","11,095","+/- 2,918","3,514","+/- 1,224",63,+/- 131,Ohio,"51,296","+/- 4,816","1,555",+/- 774,469,+/- 375,"49,272","+/- 4,688",,
Oklahoma,"3,974,110","+/- 2,667","3,396,824","+/- 16,394","441,285","+/- 14,659","117,788","+/- 8,684",846,+/- 447,Oklahoma,"1,124",+/- 670,"4,822","+/- 1,824","4,277","+/- 1,328","15,200","+/- 3,857","5,902","+/- 1,616",Oklahoma,"1,038",+/- 922,314,+/- 314,272,+/- 243,"3,478","+/- 1,086","2,576","+/- 1,480",Oklahoma,"1,164",+/- 782,422,+/- 328,"3,052","+/- 1,353",449,+/- 329,380,+/- 314,Oklahoma,"7,440","+/- 2,386",657,+/- 391,"2,140",+/- 939,205,+/- 229,213,+/- 164,Oklahoma,604,+/- 445,770,+/- 489,778,+/- 587,722,+/- 422,"5,711","+/- 1,884",Oklahoma,729,+/- 585,231,+/- 241,"1,989","+/- 1,260",57,+/- 91,60,+/- 78,Oklahoma,"1,388",+/- 991,"1,840",+/- 729,"2,613","+/- 1,179",443,+/- 407,943,+/- 539,Oklahoma,N/A,N/A,"3,187","+/- 1,972",757,+/- 644,0,+/- 165,658,+/- 462,Oklahoma,750,+/- 560,"1,988",+/- 803,"26,440","+/- 2,791","1,003",+/- 975,0,+/- 165,Oklahoma,"2,152","+/- 1,122","3,811","+/- 1,392",432,+/- 318,"1,514",+/- 737,247,+/- 271,Oklahoma,"18,213","+/- 3,386",205,+/- 345,0,+/- 165,"18,008","+/- 3,425",,
,,,,,,,,,,,,,,,,,,,,,,,,,,,,,,,,,,,,,,,,,,,,,,,,,,,,,,,,,,,,,,,,,,,,,,,,,,,,,,,,,,,,,,,,,,,,,,,,,,,,,,,,,,,,,,,,,,,,,,,,,,,,,,,,,,,
Oregon,"4,201,011","+/- 2,977","3,590,534","+/- 21,501","464,369","+/- 17,743","128,359","+/- 7,342",216,+/- 223,Oregon,236,+/- 236,"6,108","+/- 1,662",422,+/- 440,"36,429","+/- 4,777","4,827","+/- 1,708",Oregon,267,+/- 283,0,+/- 214,61,+/- 104,"3,501","+/- 1,224","1,230",+/- 938,Oregon,"2,099","+/- 1,040","7,508","+/- 2,156","3,266","+/- 1,260",642,+/- 516,978,+/- 927,Oregon,562,+/- 384,53,+/- 95,"1,190",+/- 683,626,+/- 743,687,+/- 566,Oregon,"2,062",+/- 874,"1,139",+/- 847,"1,525","+/- 1,065",358,+/- 200,120,+/- 142,Oregon,"2,723","+/- 1,097",726,+/- 478,"2,049","+/- 1,125",102,+/- 122,833,+/- 539,Oregon,"1,057",+/- 592,"3,712","+/- 1,613",775,+/- 549,278,+/- 293,"2,302","+/- 1,367",Oregon,834,+/- 394,N/A,N/A,624,+/- 486,0,+/- 214,828,+/- 607,Oregon,261,+/- 209,"1,819","+/- 1,096","3,534","+/- 1,465","2,390","+/- 1,091",260,+/- 282,Oregon,539,+/- 405,"25,457","+/- 3,976",0,+/- 214,"1,056",+/- 791,88,+/- 63,Oregon,"17,749","+/- 2,936",0,+/- 214,325,+/- 312,"17,424","+/- 2,930",,
Pennsylvania,"12,845,436","+/- 6,312","11,466,446","+/- 27,779","1,059,216","+/- 27,886","262,700","+/- 11,772",775,+/- 449,Pennsylvania,519,+/- 346,"5,561","+/- 1,968",624,+/- 908,"16,336","+/- 3,255","3,840","+/- 1,416",Pennsylvania,"2,816","+/- 1,387","8,158","+/- 1,848","1,664",+/- 722,"16,014","+/- 2,391","2,982",+/- 881,Pennsylvania,193,+/- 154,"1,962","+/- 1,811","5,659","+/- 1,642","1,498",+/- 999,"1,051",+/- 484,Pennsylvania,63,+/- 65,"1,371",+/- 726,"2,744","+/- 1,241","1,205",+/- 459,"22,247","+/- 3,526",Pennsylvania,"7,541","+/- 2,166","3,322","+/- 1,349","1,239",+/- 637,"1,141",+/- 672,"1,160",+/- 776,Pennsylvania,593,+/- 535,75,+/- 84,"1,555",+/- 962,"1,260",+/- 687,"40,517","+/- 5,142",Pennsylvania,386,+/- 345,"44,807","+/- 6,074","9,687","+/- 2,617",0,+/- 190,"10,436","+/- 2,311",Pennsylvania,263,+/- 294,"1,530",+/- 772,N/A,N/A,"1,206","+/- 1,107","4,706","+/- 1,188",Pennsylvania,36,+/- 57,"4,227","+/- 1,927","8,544","+/- 2,767",293,+/- 317,247,+/- 312,Pennsylvania,"11,888","+/- 2,583","2,687","+/- 1,222","2,442",+/- 996,"3,401","+/- 1,997",229,+/- 200,Pennsylvania,"57,074","+/- 6,699","3,291","+/- 2,297",102,+/- 103,"53,681","+/- 6,098",,
Rhode Island,"1,083,984","+/- 2,037","967,814","+/- 8,673","67,254","+/- 7,048","40,311","+/- 5,061",184,+/- 234,Rhode Island,0,+/- 242,662,+/- 447,85,+/- 145,919,+/- 529,0,+/- 242,Rhode Island,"2,896","+/- 1,159",49,+/- 77,501,+/- 330,"3,951","+/- 1,908",369,+/- 340,Rhode Island,420,+/- 385,230,+/- 315,355,+/- 349,0,+/- 242,210,+/- 335,Rhode Island,0,+/- 242,84,+/- 106,86,+/- 76,310,+/- 151,"1,143",+/- 922,Rhode Island,"12,606","+/- 2,881",158,+/- 200,234,+/- 221,67,+/- 100,"1,063",+/- 933,Rhode Island,0,+/- 242,0,+/- 242,309,+/- 222,261,+/- 258,"1,330",+/- 528,Rhode Island,97,+/- 113,"2,324","+/- 1,038",468,+/- 415,215,+/- 384,120,+/- 211,Rhode Island,0,+/- 242,152,+/- 264,"1,543",+/- 686,N/A,N/A,"1,100",+/- 904,Rhode Island,0,+/- 242,172,+/- 282,"2,684","+/- 2,282",618,+/- 587,466,+/- 346,Rhode Island,786,+/- 536,662,+/- 605,0,+/- 242,243,+/- 180,179,+/- 295,Rhode Island,"8,605","+/- 3,005",72,+/- 82,0,+/- 242,"8,533","+/- 3,002",,
South Carolina,"5,228,328","+/- 4,051","4,524,995","+/- 23,382","461,411","+/- 19,448","219,707","+/- 13,055","1,438",+/- 865,South Carolina,332,+/- 359,"2,628","+/- 1,308",819,+/- 483,"15,035","+/- 4,711","2,472","+/- 1,148",South Carolina,"4,437","+/- 2,170","2,007","+/- 1,713","1,234",+/- 896,"14,769","+/- 2,485","19,121","+/- 3,229",South Carolina,191,+/- 247,387,+/- 350,"5,342","+/- 1,862","3,136","+/- 1,522",973,+/- 666,South Carolina,914,+/- 683,"1,832","+/- 1,324","2,225","+/- 1,272","1,080",+/- 650,"7,891","+/- 2,391",South Carolina,"5,109","+/- 1,805","1,829",+/- 881,"1,234",+/- 623,"2,505","+/- 1,250","2,362","+/- 1,080",South Carolina,778,+/- 750,54,+/- 90,388,+/- 477,"2,191","+/- 1,646","7,926","+/- 2,369",South Carolina,804,+/- 927,"15,537","+/- 2,780","36,324","+/- 4,940",653,"+/- 1,125","6,059","+/- 2,485",South Carolina,"1,338",+/- 989,"1,561",+/- 876,"9,377","+/- 2,494",720,+/- 618,N/A,N/A,South Carolina,30,+/- 56,"4,374","+/- 1,438","8,811","+/- 2,624","1,118",+/- 795,"1,206",+/- 877,South Carolina,"11,446","+/- 2,641","5,097","+/- 2,007","1,195",+/- 732,989,+/- 861,429,+/- 590,South Carolina,"22,215","+/- 3,837",582,+/- 607,247,+/- 325,"21,386","+/- 3,669",,
South Dakota,"898,505","+/- 1,391","778,044","+/- 9,288","85,602","+/- 7,617","31,300","+/- 5,079",0,+/- 172,South Dakota,165,+/- 292,"1,446","+/- 1,454",342,+/- 444,957,+/- 619,726,+/- 400,South Dakota,0,+/- 172,0,+/- 172,0,+/- 172,328,+/- 243,"2,134","+/- 2,435",South Dakota,729,"+/- 1,129",106,+/- 156,29,+/- 54,29,+/- 47,"2,939",+/- 870,South Dakota,438,+/- 447,60,+/- 127,320,+/- 510,0,+/- 172,0,+/- 172,South Dakota,76,+/- 131,375,+/- 358,"6,934","+/- 1,582",114,+/- 156,627,+/- 680,South Dakota,"1,363","+/- 1,376","2,109","+/- 1,031",838,+/- 646,0,+/- 172,66,+/- 114,South Dakota,401,+/- 450,52,+/- 90,441,+/- 391,645,+/- 430,120,+/- 155,South Dakota,0,+/- 172,"1,314","+/- 1,349",129,+/- 120,0,+/- 172,208,+/- 11,South Dakota,N/A,N/A,340,+/- 278,832,+/- 624,195,+/- 297,0,+/- 172,South Dakota,373,+/- 362,"1,001",+/- 826,0,+/- 172,487,+/- 632,"1,512","+/- 1,019",South Dakota,"3,559","+/- 1,403",0,+/- 172,0,+/- 172,"3,559","+/- 1,403",,
,,,,,,,,,,,,,,,,,,,,,,,,,,,,,,,,,,,,,,,,,,,,,,,,,,,,,,,,,,,,,,,,,,,,,,,,,,,,,,,,,,,,,,,,,,,,,,,,,,,,,,,,,,,,,,,,,,,,,,,,,,,,,,,,,,,
Tennessee,"6,976,549","+/- 5,141","6,069,961","+/- 25,586","649,312","+/- 21,309","225,969","+/- 13,456","9,375","+/- 2,888",Tennessee,"1,025",+/- 853,"4,584","+/- 2,005","7,202","+/- 5,340","22,565","+/- 3,839","4,105","+/- 1,449",Tennessee,936,+/- 706,114,+/- 142,391,+/- 391,"25,318","+/- 4,960","14,770","+/- 3,532",Tennessee,430,+/- 446,"1,332",+/- 857,"12,602","+/- 3,310","4,067","+/- 1,379",332,+/- 287,Tennessee,744,+/- 700,"8,227","+/- 2,202","4,772","+/- 2,107",0,+/- 225,"2,635","+/- 1,215",Tennessee,"2,424","+/- 1,116","5,843","+/- 3,002","1,809",+/- 852,"9,491","+/- 2,559","3,102","+/- 1,145",Tennessee,556,+/- 535,981,+/- 711,"1,034",+/- 719,528,+/- 547,"3,517","+/- 1,573",Tennessee,146,+/- 186,"5,821","+/- 2,399","7,391","+/- 1,728",94,+/- 154,"5,708","+/- 1,816",Tennessee,"1,548","+/- 1,137","2,016","+/- 1,319","6,568","+/- 3,394",688,+/- 543,"6,557","+/- 2,175",Tennessee,592,+/- 835,N/A,N/A,"12,862","+/- 2,742","2,567","+/- 1,429",184,+/- 202,Tennessee,"9,450","+/- 2,722","4,661","+/- 2,089",486,+/- 438,"3,494","+/- 1,578",325,+/- 419,Tennessee,"31,307","+/- 5,755",434,+/- 383,162,+/- 291,"30,711","+/- 5,757",,
Texas,"29,671,447","+/- 12,070","25,416,204","+/- 69,687","3,349,854","+/- 63,102","668,338","+/- 22,898","8,618","+/- 3,296",Texas,"3,943","+/- 2,861","22,634","+/- 4,528","18,562","+/- 3,677","102,442","+/- 9,911","24,511","+/- 4,215",Texas,"4,973","+/- 2,773","1,817","+/- 1,382","1,461",+/- 793,"41,747","+/- 6,964","22,324","+/- 4,621",Texas,"6,970","+/- 2,623","3,553","+/- 1,304","25,272","+/- 5,381","10,167","+/- 3,985","7,080","+/- 2,747",Texas,"8,257","+/- 2,606","8,006","+/- 2,056","25,192","+/- 4,250","1,910","+/- 1,473","13,711","+/- 3,597",Texas,"9,565","+/- 3,023","13,692","+/- 3,359","9,423","+/- 2,840","8,177","+/- 2,681","12,766","+/- 3,026",Texas,"2,224","+/- 1,028","4,296","+/- 1,484","12,645","+/- 4,231","1,593",+/- 855,"12,949","+/- 4,209",Texas,"17,455","+/- 4,904","30,890","+/- 5,640","17,975","+/- 3,983","2,791","+/- 2,185","12,423","+/- 3,670",Texas,"24,318","+/- 3,972","12,894","+/- 4,127","12,578","+/- 3,555",346,+/- 455,"6,016","+/- 2,156",Texas,"1,940","+/- 1,089","12,617","+/- 4,806",N/A,N/A,"10,887","+/- 2,560",416,+/- 462,Texas,"20,705","+/- 4,419","21,083","+/- 3,529","1,232",+/- 854,"9,388","+/- 3,225","1,904","+/- 1,936",Texas,"237,051","+/- 15,377","2,441","+/- 1,111",859,+/- 557,"233,751","+/- 15,501",,
Utah,"3,337,151","+/- 3,043","2,859,230","+/- 18,134","367,147","+/- 15,670","91,341","+/- 8,212",609,+/- 569,Utah,338,+/- 245,"5,357","+/- 1,717",690,+/- 532,"18,669","+/- 3,650","5,327","+/- 1,585",Utah,161,+/- 174,0,+/- 204,0,+/- 204,"3,025","+/- 1,393",398,+/- 248,Utah,"1,299",+/- 643,"7,774","+/- 1,782","1,456",+/- 991,111,+/- 132,60,+/- 98,Utah,247,+/- 207,702,+/- 416,34,+/- 59,501,+/- 471,"1,030",+/- 692,Utah,"1,391",+/- 805,"1,263","+/- 1,122",980,+/- 482,79,+/- 140,"1,723","+/- 1,672",Utah,709,+/- 464,233,+/- 232,"3,549","+/- 2,087",208,+/- 183,563,+/- 655,Utah,"1,338",+/- 657,"2,236",+/- 961,"1,348",+/- 584,227,+/- 237,929,+/- 446,Utah,547,+/- 463,"2,413","+/- 1,149","1,366",+/- 890,367,+/- 451,"1,196",+/- 881,Utah,85,+/- 143,730,+/- 496,"7,070","+/- 2,323",N/A,N/A,554,+/- 740,Utah,"1,675",+/- 896,"8,845","+/- 4,589",108,+/- 127,391,+/- 389,"1,430",+/- 735,Utah,"19,433","+/- 3,523",783,+/- 806,145,+/- 227,"18,505","+/- 3,302",,
Vermont,"641,722",+/- 928,"566,069","+/- 5,209","45,750","+/- 3,916","26,151","+/- 3,458",0,+/- 168,Vermont,203,+/- 363,264,+/- 305,428,+/- 545,855,+/- 546,230,+/- 235,Vermont,"1,247",+/- 480,142,+/- 216,307,+/- 250,873,+/- 519,143,+/- 163,Vermont,121,+/- 153,145,+/- 167,404,+/- 279,219,+/- 243,333,+/- 396,Vermont,0,+/- 168,320,+/- 383,25,+/- 4,"1,068",+/- 565,842,+/- 348,Vermont,"4,760","+/- 2,106",201,+/- 240,47,+/- 104,140,+/- 220,19,+/- 32,Vermont,327,+/- 487,0,+/- 168,208,+/- 231,"1,826",+/- 897,"1,659",+/- 932,Vermont,103,+/- 98,"3,196","+/- 1,147",996,+/- 732,0,+/- 168,20,+/- 34,Vermont,0,+/- 168,287,+/- 193,873,+/- 620,80,+/- 68,93,+/- 121,Vermont,0,+/- 168,18,+/- 29,"1,128",+/- 890,12,+/- 30,N/A,N/A,Vermont,"1,215",+/- 839,646,+/- 401,0,+/- 168,128,+/- 166,0,+/- 168,Vermont,"3,752","+/- 1,419",0,+/- 168,0,+/- 168,"3,752","+/- 1,419",,
Virginia,"8,590,803","+/- 5,764","7,439,966","+/- 26,161","821,193","+/- 21,723","266,970","+/- 13,640","1,794","+/- 1,106",Virginia,"1,513","+/- 1,051","3,478","+/- 1,446",301,+/- 353,"19,036","+/- 3,312","4,485","+/- 1,611",Virginia,"1,792",+/- 759,707,+/- 319,"13,582","+/- 2,313","23,766","+/- 4,289","6,689","+/- 1,726",Virginia,"1,852",+/- 948,"1,353",+/- 842,"5,881","+/- 2,044","4,800","+/- 1,748",792,+/- 507,Virginia,"3,130","+/- 1,894","2,105",+/- 833,"1,978",+/- 847,161,+/- 163,"28,470","+/- 3,940",Virginia,"4,709","+/- 1,808","3,808","+/- 1,237","1,703","+/- 1,106","2,049","+/- 1,042","2,025","+/- 1,083",Virginia,534,+/- 544,824,+/- 754,"1,536",+/- 732,616,+/- 505,"11,155","+/- 3,014",Virginia,610,+/- 439,"17,516","+/- 3,634","21,395","+/- 4,560",0,+/- 214,"6,151","+/- 1,749",Virginia,"2,290","+/- 1,004","2,428","+/- 1,565","16,830","+/- 3,239",384,+/- 255,"7,680","+/- 2,025",Virginia,0,+/- 214,"5,249","+/- 1,986","13,359","+/- 3,068","1,079",+/- 573,324,+/- 373,Virginia,N/A,N/A,"6,877","+/- 2,061","4,811","+/- 1,417","3,312","+/- 1,817",51,+/- 83,Virginia,"62,674","+/- 6,794","1,003",+/- 560,685,+/- 513,"60,986","+/- 6,841",,
,,,,,,,,,,,,,,,,,,,,,,,,,,,,,,,,,,,,,,,,,,,,,,,,,,,,,,,,,,,,,,,,,,,,,,,,,,,,,,,,,,,,,,,,,,,,,,,,,,,,,,,,,,,,,,,,,,,,,,,,,,,,,,,,,,,
Washington,"7,710,339","+/- 3,403","6,572,952","+/- 29,943","831,247","+/- 27,990","248,355","+/- 12,425",488,+/- 338,Washington,"3,048","+/- 1,111","7,237","+/- 2,161","1,105",+/- 868,"49,968","+/- 4,813","9,396","+/- 2,176",Washington,795,+/- 514,146,+/- 151,279,+/- 327,"8,368","+/- 2,433","5,574","+/- 1,701",Washington,"7,392","+/- 2,961","10,557","+/- 2,725","4,772","+/- 1,559","1,118",+/- 639,"1,512","+/- 1,169",Washington,"1,161",+/- 517,816,+/- 727,"1,222",+/- 820,835,+/- 709,"2,038","+/- 1,108",Washington,"5,773","+/- 1,878","3,541","+/- 1,140","5,002","+/- 2,012",680,+/- 484,"3,187","+/- 1,940",Washington,"3,245","+/- 1,040",766,+/- 704,"5,524","+/- 1,637",731,+/- 819,"2,943","+/- 2,295",Washington,"2,014",+/- 937,"4,732","+/- 1,415","5,849","+/- 1,953",230,+/- 271,"3,515","+/- 1,767",Washington,"1,088",+/- 699,"36,061","+/- 4,991","3,789","+/- 1,370",463,+/- 357,"3,831","+/- 1,762",Washington,593,+/- 540,"3,331","+/- 1,597","19,245","+/- 4,153","5,400","+/- 1,708",392,+/- 229,Washington,"7,406","+/- 2,389",N/A,N/A,121,+/- 200,823,+/- 532,253,+/- 342,Washington,"57,785","+/- 6,814",195,+/- 190,"2,884","+/- 1,755","54,706","+/- 6,470",,
West Virginia,"1,758,432","+/- 1,850","1,576,119","+/- 11,551","136,161","+/- 9,049","43,493","+/- 5,597",478,+/- 421,West Virginia,0,+/- 203,240,+/- 214,121,+/- 174,879,+/- 499,210,+/- 206,West Virginia,395,+/- 465,58,+/- 102,237,+/- 307,"3,418","+/- 1,154","2,903","+/- 2,740",West Virginia,35,+/- 66,0,+/- 203,806,+/- 574,"1,159",+/- 916,0,+/- 203,West Virginia,170,+/- 269,981,+/- 816,371,+/- 322,0,+/- 203,"5,246","+/- 1,367",West Virginia,8,+/- 16,"1,056",+/- 990,31,+/- 68,91,+/- 82,0,+/- 203,West Virginia,384,+/- 466,0,+/- 203,407,+/- 388,0,+/- 203,290,+/- 259,West Virginia,138,+/- 228,949,+/- 750,"2,217",+/- 955,0,+/- 203,"4,356","+/- 1,154",West Virginia,98,+/- 133,332,+/- 378,"4,299","+/- 1,256",0,+/- 203,333,+/- 213,West Virginia,126,+/- 217,458,+/- 392,580,+/- 389,766,+/- 769,226,+/- 277,West Virginia,"8,279","+/- 2,022",0,+/- 203,N/A,N/A,192,+/- 193,170,+/- 198,West Virginia,"2,659",+/- 835,0,+/- 203,0,+/- 203,"2,659",+/- 835,,
Wisconsin,"5,835,492","+/- 3,106","5,119,356","+/- 22,714","571,451","+/- 21,178","120,434","+/- 8,339",635,+/- 617,Wisconsin,774,+/- 891,"3,474","+/- 1,117",694,+/- 440,"7,537","+/- 2,108","2,564",+/- 952,Wisconsin,200,+/- 200,0,+/- 159,254,+/- 248,"6,762","+/- 2,124","1,064",+/- 568,Wisconsin,121,+/- 237,784,+/- 674,"27,369","+/- 3,829","2,299",+/- 842,"2,188",+/- 685,Wisconsin,136,+/- 109,589,+/- 386,"1,137","+/- 1,089",235,+/- 231,548,+/- 381,Wisconsin,877,+/- 454,"4,250","+/- 1,371","19,307","+/- 2,513",378,+/- 367,"2,679","+/- 1,259",Wisconsin,339,+/- 231,568,+/- 433,"1,145",+/- 660,0,+/- 159,704,+/- 476,Wisconsin,964,"+/- 1,429","1,626",+/- 820,"3,591","+/- 2,372","1,208",+/- 753,"2,740","+/- 1,433",Wisconsin,917,+/- 434,"1,308",+/- 754,"1,761",+/- 750,0,+/- 159,662,+/- 392,Wisconsin,649,+/- 887,"1,827","+/- 1,245","6,088","+/- 1,658","1,300",+/- 794,54,+/- 89,Wisconsin,"1,360",+/- 647,"4,207","+/- 2,196",216,+/- 198,N/A,N/A,345,+/- 340,Wisconsin,"24,251","+/- 3,475","1,864","+/- 1,041",108,+/- 138,"22,279","+/- 3,413",,
Wyoming,"575,705","+/- 1,181","487,359","+/- 8,727","57,696","+/- 6,551","28,948","+/- 4,255",0,+/- 207,Wyoming,0,+/- 207,"2,132","+/- 1,363",57,+/- 107,"1,558",+/- 712,"5,076","+/- 1,464",Wyoming,0,+/- 207,17,+/- 34,0,+/- 207,"1,063",+/- 881,425,+/- 376,Wyoming,503,+/- 587,"1,528","+/- 1,517",319,+/- 185,34,+/- 58,142,+/- 161,Wyoming,0,+/- 207,17,+/- 2,261,+/- 278,17,+/- 35,253,+/- 404,Wyoming,91,+/- 124,47,+/- 27,463,+/- 352,71,+/- 123,665,+/- 609,Wyoming,"1,176",+/- 577,729,+/- 520,769,+/- 926,14,+/- 28,21,+/- 38,Wyoming,67,+/- 87,463,+/- 377,845,+/- 715,164,+/- 136,236,+/- 181,Wyoming,65,+/- 77,"1,426","+/- 1,241",133,+/- 156,0,+/- 207,359,+/- 385,Wyoming,"1,382","+/- 1,132",210,+/- 255,"2,211","+/- 1,070","2,008","+/- 1,041",0,+/- 207,Wyoming,337,+/- 322,"1,225",+/- 804,0,+/- 207,369,+/- 378,N/A,N/A,Wyoming,"1,702",+/- 723,4,+/- 1,221,+/- 395,"1,477",+/- 546,,
,,,,,,,,,,,,,,,,,,,,,,,,,,,,,,,,,,,,,,,,,,,,,,,,,,,,,,,,,,,,,,,,,,,,,,,,,,,,,,,,,,,,,,,,,,,,,,,,,,,,,,,,,,,,,,,,,,,,,,,,,,,,,,,,,,,
Puerto Rico,"3,203,439","+/- 2,072","3,015,876","+/- 11,793","156,208","+/- 9,334","26,989","+/- 5,498",0,+/- 244,Puerto Rico,0,+/- 244,236,+/- 290,0,+/- 244,773,+/- 909,153,+/- 248,Puerto Rico,722,+/- 664,103,+/- 168,0,+/- 244,"8,793","+/- 2,847","1,642","+/- 1,904",Puerto Rico,96,+/- 160,0,+/- 244,553,+/- 558,0,+/- 244,176,+/- 287,Puerto Rico,0,+/- 244,0,+/- 244,0,+/- 244,0,+/- 244,0,+/- 244,Puerto Rico,924,+/- 816,0,+/- 244,150,+/- 247,0,+/- 244,0,+/- 244,Puerto Rico,0,+/- 244,0,+/- 244,0,+/- 244,61,+/- 96,"1,505","+/- 1,150",Puerto Rico,161,+/- 249,"2,847","+/- 1,096",240,+/- 266,832,"+/- 1,202",327,+/- 299,Puerto Rico,0,+/- 244,0,+/- 244,"1,844","+/- 1,162",0,+/- 244,189,+/- 237,Puerto Rico,0,+/- 244,54,+/- 88,"3,612","+/- 2,121",0,+/- 244,0,+/- 244,Puerto Rico,391,+/- 430,328,+/- 369,0,+/- 244,277,+/- 353,0,+/- 244,Puerto Rico,"4,366","+/- 1,821",N/A,N/A,0,+/- 244,"4,366","+/- 1,821",,
Footnotes:,,,,,,,,,,,Footnotes:,,,,,,,,,,,Footnotes:,,,,,,,,,,,Footnotes:,,,,,,,,,,,Footnotes:,,,,,,,,,,,Footnotes:,,,,,,,,,,,Footnotes:,,,,,,,,,,,Footnotes:,,,,,,,,,,,Footnotes:,,,,,,,,,,,Footnotes:,,,,,,,,,,,Footnotes:,,,,,,,,,,,Footnotes:,,,,,,,,,,
1Incudes Puerto Rico and the District of Columbia,,,,,,,,,,,1Incudes Puerto Rico and the District of Columbia,,,,,,,,,,,1Incudes Puerto Rico and the District of Columbia,,,,,,,,,,,1Incudes Puerto Rico and the District of Columbia,,,,,,,,,,,1Incudes Puerto Rico and the District of Columbia,,,,,,,,,,,1Incudes Puerto Rico and the District of Columbia,,,,,,,,,,,1Incudes Puerto Rico and the District of Columbia,,,,,,,,,,,1Incudes Puerto Rico and the District of Columbia,,,,,,,,,,,1Incudes Puerto Rico and the District of Columbia,,,,,,,,,,,1Incudes Puerto Rico and the District of Columbia,,,,,,,,,,,1Incudes Puerto Rico and the District of Columbia,,,,,,,,,,,1Incudes Puerto Rico and the District of Columbia,,,,,,,,,,
2The estimates for the United States do not include Puerto Rico,,,,,,,,,,,2The estimates for the United States do not include Puerto Rico,,,,,,,,,,,2The estimates for the United States do not include Puerto Rico,,,,,,,,,,,2The estimates for the United States do not include Puerto Rico,,,,,,,,,,,2The estimates for the United States do not include Puerto Rico,,,,,,,,,,,2The estimates for the United States do not include Puerto Rico,,,,,,,,,,,2The estimates for the United States do not include Puerto Rico,,,,,,,,,,,2The estimates for the United States do not include Puerto Rico,,,,,,,,,,,2The estimates for the United States do not include Puerto Rico,,,,,,,,,,,2The estimates for the United States do not include Puerto Rico,,,,,,,,,,,2The estimates for the United States do not include Puerto Rico,,,,,,,,,,,2The estimates for the United States do not include Puerto Rico,,,,,,,,,,
"Movers within Puerto Rico are included in the column labeled ""Same state of residence 1 year ago""",,,,,,,,,,,"Movers within Puerto Rico are included in the column labeled ""Same state of residence 1 year ago""",,,,,,,,,,,"Movers within Puerto Rico are included in the column labeled ""Same state of residence 1 year ago""",,,,,,,,,,,"Movers within Puerto Rico are included in the column labeled ""Same state of residence 1 year ago""",,,,,,,,,,,"Movers within Puerto Rico are included in the column labeled ""Same state of residence 1 year ago""",,,,,,,,,,,"Movers within Puerto Rico are included in the column labeled ""Same state of residence 1 year ago""",,,,,,,,,,,"Movers within Puerto Rico are included in the column labeled ""Same state of residence 1 year ago""",,,,,,,,,,,"Movers within Puerto Rico are included in the column labeled ""Same state of residence 1 year ago""",,,,,,,,,,,"Movers within Puerto Rico are included in the column labeled ""Same state of residence 1 year ago""",,,,,,,,,,,"Movers within Puerto Rico are included in the column labeled ""Same state of residence 1 year ago""",,,,,,,,,,,"Movers within Puerto Rico are included in the column labeled ""Same state of residence 1 year ago""",,,,,,,,,,,"Movers within Puerto Rico are included in the column labeled ""Same state of residence 1 year ago""",,,,,,,,,,
MOE - Margin of error based on 90% confidence interval,,,,,,,,,,,MOE - Margin of error based on 90% confidence interval,,,,,,,,,,,MOE - Margin of error based on 90% confidence interval,,,,,,,,,,,MOE - Margin of error based on 90% confidence interval,,,,,,,,,,,MOE - Margin of error based on 90% confidence interval,,,,,,,,,,,MOE - Margin of error based on 90% confidence interval,,,,,,,,,,,MOE - Margin of error based on 90% confidence interval,,,,,,,,,,,MOE - Margin of error based on 90% confidence interval,,,,,,,,,,,MOE - Margin of error based on 90% confidence interval,,,,,,,,,,,MOE - Margin of error based on 90% confidence interval,,,,,,,,,,,MOE - Margin of error based on 90% confidence interval,,,,,,,,,,,MOE - Margin of error based on 90% confidence interval,,,,,,,,,,
N/A - Not Applicable,,,,,,,,,,,N/A - Not Applicable,,,,,,,,,,,N/A - Not Applicable,,,,,,,,,,,N/A - Not Applicable,,,,,,,,,,,N/A - Not Applicable,,,,,,,,,,,N/A - Not Applicable,,,,,,,,,,,N/A - Not Applicable,,,,,,,,,,,N/A - Not Applicable,,,,,,,,,,,N/A - Not Applicable,,,,,,,,,,,N/A - Not Applicable,,,,,,,,,,,N/A - Not Applicable,,,,,,,,,,,N/A - Not Applicable,,,,,,,,,,
For more information on state migration flows see https://www.census.gov/topics/population/migration/guidance/state-to-state-migration-flows.html,,,,,,,,,,,For more information on state migration flows see https://www.census.gov/topics/population/migration/guidance/state-to-state-migration-flows.html,,,,,,,,,,,For more information on state migration flows see https://www.census.gov/topics/population/migration/guidance/state-to-state-migration-flows.html,,,,,,,,,,,For more information on state migration flows see https://www.census.gov/topics/population/migration/guidance/state-to-state-migration-flows.html,,,,,,,,,,,For more information on state migration flows see https://www.census.gov/topics/population/migration/guidance/state-to-state-migration-flows.html,,,,,,,,,,,For more information on state migration flows see https://www.census.gov/topics/population/migration/guidance/state-to-state-migration-flows.html,,,,,,,,,,,For more information on state migration flows see https://www.census.gov/topics/population/migration/guidance/state-to-state-migration-flows.html,,,,,,,,,,,For more information on state migration flows see https://www.census.gov/topics/population/migration/guidance/state-to-state-migration-flows.html,,,,,,,,,,,For more information on state migration flows see https://www.census.gov/topics/population/migration/guidance/state-to-state-migration-flows.html,,,,,,,,,,,For more information on state migration flows see https://www.census.gov/topics/population/migration/guidance/state-to-state-migration-flows.html,,,,,,,,,,,For more information on state migration flows see https://www.census.gov/topics/population/migration/guidance/state-to-state-migration-flows.html,,,,,,,,,,,For more information on state migration flows see https://www.census.gov/topics/population/migration/guidance/state-to-state-migration-flows.html,,,,,,,,,,
"The 2022 State-to-State Migration Flows were affected by a processing error among respondents who reported moving within the state of Connecticut or from the state of Connecticut to another state or Puerto Rico. For more information and comparison guidance, see https://www.census.gov/programs-surveys/acs/technical-documentation/errata/143.html ",,,,,,,,,,,"The 2022 State-to-State Migration Flows were affected by a processing error among respondents who reported moving within the state of Connecticut or from the state of Connecticut to another state or Puerto Rico. For more information and comparison guidance, see https://www.census.gov/programs-surveys/acs/technical-documentation/errata/143.html ",,,,,,,,,,,"The 2022 State-to-State Migration Flows were affected by a processing error among respondents who reported moving within the state of Connecticut or from the state of Connecticut to another state or Puerto Rico. For more information and comparison guidance, see https://www.census.gov/programs-surveys/acs/technical-documentation/errata/143.html ",,,,,,,,,,,"The 2022 State-to-State Migration Flows were affected by a processing error among respondents who reported moving within the state of Connecticut or from the state of Connecticut to another state or Puerto Rico. For more information and comparison guidance, see https://www.census.gov/programs-surveys/acs/technical-documentation/errata/143.html ",,,,,,,,,,,"The 2022 State-to-State Migration Flows were affected by a processing error among respondents who reported moving within the state of Connecticut or from the state of Connecticut to another state or Puerto Rico. For more information and comparison guidance, see https://www.census.gov/programs-surveys/acs/technical-documentation/errata/143.html ",,,,,,,,,,,"The 2022 State-to-State Migration Flows were affected by a processing error among respondents who reported moving within the state of Connecticut or from the state of Connecticut to another state or Puerto Rico. For more information and comparison guidance, see https://www.census.gov/programs-surveys/acs/technical-documentation/errata/143.html ",,,,,,,,,,,"The 2022 State-to-State Migration Flows were affected by a processing error among respondents who reported moving within the state of Connecticut or from the state of Connecticut to another state or Puerto Rico. For more information and comparison guidance, see https://www.census.gov/programs-surveys/acs/technical-documentation/errata/143.html ",,,,,,,,,,,"The 2022 State-to-State Migration Flows were affected by a processing error among respondents who reported moving within the state of Connecticut or from the state of Connecticut to another state or Puerto Rico. For more information and comparison guidance, see https://www.census.gov/programs-surveys/acs/technical-documentation/errata/143.html ",,,,,,,,,,,"The 2022 State-to-State Migration Flows were affected by a processing error among respondents who reported moving within the state of Connecticut or from the state of Connecticut to another state or Puerto Rico. For more information and comparison guidance, see https://www.census.gov/programs-surveys/acs/technical-documentation/errata/143.html ",,,,,,,,,,,"The 2022 State-to-State Migration Flows were affected by a processing error among respondents who reported moving within the state of Connecticut or from the state of Connecticut to another state or Puerto Rico. For more information and comparison guidance, see https://www.census.gov/programs-surveys/acs/technical-documentation/errata/143.html ",,,,,,,,,,,"The 2022 State-to-State Migration Flows were affected by a processing error among respondents who reported moving within the state of Connecticut or from the state of Connecticut to another state or Puerto Rico. For more information and comparison guidance, see https://www.census.gov/programs-surveys/acs/technical-documentation/errata/143.html ",,,,,,,,,,,"The 2022 State-to-State Migration Flows were affected by a processing error among respondents who reported moving within the state of Connecticut or from the state of Connecticut to another state or Puerto Rico. For more information and comparison guidance, see https://www.census.gov/programs-surveys/acs/technical-documentation/errata/143.html ",,,,,,,,,,
The Census Bureau reviewed this data product for unauthorized disclosure of confidential information and approved the disclosure avoidance practices applied to this release. CBDRB‑FY23-0390.,,,,,,,,,,,The Census Bureau reviewed this data product for unauthorized disclosure of confidential information and approved the disclosure avoidance practices applied to this release. CBDRB‑FY23-0390.,,,,,,,,,,,The Census Bureau reviewed this data product for unauthorized disclosure of confidential information and approved the disclosure avoidance practices applied to this release. CBDRB‑FY23-0390.,,,,,,,,,,,The Census Bureau reviewed this data product for unauthorized disclosure of confidential information and approved the disclosure avoidance practices applied to this release. CBDRB‑FY23-0390.,,,,,,,,,,,The Census Bureau reviewed this data product for unauthorized disclosure of confidential information and approved the disclosure avoidance practices applied to this release. CBDRB‑FY23-0390.,,,,,,,,,,,The Census Bureau reviewed this data product for unauthorized disclosure of confidential information and approved the disclosure avoidance practices applied to this release. CBDRB‑FY23-0390.,,,,,,,,,,,The Census Bureau reviewed this data product for unauthorized disclosure of confidential information and approved the disclosure avoidance practices applied to this release. CBDRB‑FY23-0390.,,,,,,,,,,,The Census Bureau reviewed this data product for unauthorized disclosure of confidential information and approved the disclosure avoidance practices applied to this release. CBDRB‑FY23-0390.,,,,,,,,,,,The Census Bureau reviewed this data product for unauthorized disclosure of confidential information and approved the disclosure avoidance practices applied to this release. CBDRB‑FY23-0390.,,,,,,,,,,,The Census Bureau reviewed this data product for unauthorized disclosure of confidential information and approved the disclosure avoidance practices applied to this release. CBDRB‑FY23-0390.,,,,,,,,,,,The Census Bureau reviewed this data product for unauthorized disclosure of confidential information and approved the disclosure avoidance practices applied to this release. CBDRB‑FY23-0390.,,,,,,,,,,,The Census Bureau reviewed this data product for unauthorized disclosure of confidential information and approved the disclosure avoidance practices applied to this release. CBDRB‑FY23-0390.,,,,,,,,,,
"Source: U.S. Census Bureau, 2022 American Community Survey, 1-year estimates.",,,,,,,,,,,"Source: U.S. Census Bureau, 2022 American Community Survey, 1-year estimates.",,,,,,,,,,,"Source: U.S. Census Bureau, 2022 American Community Survey, 1-year estimates.",,,,,,,,,,,"Source: U.S. Census Bureau, 2022 American Community Survey, 1-year estimates.",,,,,,,,,,,"Source: U.S. Census Bureau, 2022 American Community Survey, 1-year estimates.",,,,,,,,,,,"Source: U.S. Census Bureau, 2022 American Community Survey, 1-year estimates.",,,,,,,,,,,"Source: U.S. Census Bureau, 2022 American Community Survey, 1-year estimates.",,,,,,,,,,,"Source: U.S. Census Bureau, 2022 American Community Survey, 1-year estimates.",,,,,,,,,,,"Source: U.S. Census Bureau, 2022 American Community Survey, 1-year estimates.",,,,,,,,,,,"Source: U.S. Census Bureau, 2022 American Community Survey, 1-year estimates.",,,,,,,,,,,"Source: U.S. Census Bureau, 2022 American Community Survey, 1-year estimates.",,,,,,,,,,,"Source: U.S. Census Bureau, 2022 American Community Survey, 1-year estimates.",,,,,,,,,,
"For more information on the ACS, see https://www.census.gov/programs-surveys/acs/",,,,,,,,,,,"For more information on the ACS, see https://www.census.gov/programs-surveys/acs/",,,,,,,,,,,"For more information on the ACS, see https://www.census.gov/programs-surveys/acs/",,,,,,,,,,,"For more information on the ACS, see https://www.census.gov/programs-surveys/acs/",,,,,,,,,,,"For more information on the ACS, see https://www.census.gov/programs-surveys/acs/",,,,,,,,,,,"For more information on the ACS, see https://www.census.gov/programs-surveys/acs/",,,,,,,,,,,"For more information on the ACS, see https://www.census.gov/programs-surveys/acs/",,,,,,,,,,,"For more information on the ACS, see https://www.census.gov/programs-surveys/acs/",,,,,,,,,,,"For more information on the ACS, see https://www.census.gov/programs-surveys/acs/",,,,,,,,,,,"For more information on the ACS, see https://www.census.gov/programs-surveys/acs/",,,,,,,,,,,"For more information on the ACS, see https://www.census.gov/programs-surveys/acs/",,,,,,,,,,,"For more information on the ACS, see https://www.census.gov/programs-surveys/acs/",,,,,,,,,,